"id","postType","likes","shares","comments","createdAt"
"sraiis2ar4l3n2xa4rynbe","video",154,97,30,"2024-06-14T20:48:04.277Z"
"s1g9zb29m5ivmpjy8qv46i","carousel",49,2,17,"2024-08-03T21:27:01.382Z"
"ragwwyz42zgw7g8xxmkuec","reels",79,4,45,"2024-06-03T09:58:33.427Z"
"ppwvh9egobkf1nnp58pdda","static_image",350,21,36,"2024-08-13T23:15:06.639Z"
"abzvfoiwjzo9ni6vdwje6","reels",38,79,15,"2024-06-21T04:26:56.793Z"
"zrs3xtl80jcv2pgpoidkkf","video",474,59,38,"2024-06-28T20:43:19.697Z"
"0alynre8mkbbhfk5ugj1y8","static_image",356,17,35,"2024-11-16T19:06:34.989Z"
"ip7vnjhn55zl8qrc8fziq","static_image",448,8,0,"2024-01-15T00:50:37.047Z"
"9teg8is9uwby4xyxj9aky","video",116,14,17,"2024-05-19T12:07:59.949Z"
"cpauiz8kvsa7gof5qiigu","reels",289,23,28,"2024-10-30T10:01:21.071Z"
"p693hcs6ivn24k7lk09rpb","carousel",415,3,15,"2024-06-04T11:46:37.061Z"
"u1lq02ufuciuqemlga3","carousel",223,65,6,"2024-09-14T12:10:04.186Z"
"tkjq4p6jqo3t6f0i426j9","reels",432,44,42,"2024-11-27T08:53:27.727Z"
"pktn3df1dmg3d3pvgbrzla","carousel",232,94,26,"2024-02-06T13:24:59.911Z"
"6j1wisb9r31p9dzpnd435","video",140,66,12,"2024-08-16T10:34:00.120Z"
"ratjhs3nmuagjy1cqct8","static_image",90,100,3,"2024-09-10T02:45:40.460Z"
"dqaj3ecpc0ra01l6zi8jpw","carousel",453,30,7,"2024-01-22T07:58:18.956Z"
"krawapcqv2im7tn4ldg5m","static_image",289,23,46,"2024-01-30T18:05:50.774Z"
"1qvvlgdbrn5u1k03jxsjl","reels",344,57,35,"2024-06-10T00:30:20.125Z"
"rzr935gy9mc99zmkz2dvh","static_image",245,64,23,"2024-02-25T22:17:51.869Z"
"8ovcm6qrn186wct26uqux2","carousel",152,45,27,"2024-01-20T11:18:21.447Z"
"vqt2cosimo12dava29379","static_image",449,38,8,"2024-07-13T18:13:14.668Z"
"z6vzpr2d9rq2veru8wag6a","reels",428,80,35,"2024-01-12T22:48:46.765Z"
"kix2j0xtdckijwywxgp7d","carousel",158,32,12,"2024-04-02T03:37:03.263Z"
"4q7qfmgnt6dnzrcq1518yq","static_image",49,25,1,"2024-05-18T04:46:40.671Z"
"69813t7vqf726neecylae","carousel",162,86,42,"2024-12-30T22:38:41.638Z"
"lrnd7zxxv3iyutwqiqzhhd","video",196,2,47,"2024-05-27T05:44:05.750Z"
"v46xnloi8ts10qqiwuzg8r","reels",126,46,33,"2024-11-30T15:38:45.345Z"
"a9jxe7qdswvkleirplcpeq","carousel",500,62,26,"2024-08-01T10:12:41.891Z"
"4jahqbophno4dgahiodw5x","carousel",474,63,11,"2024-01-19T03:55:07.697Z"
"w12rgk1p6obg50doq8t0m","reels",393,67,4,"2024-01-04T12:33:33.316Z"
"8ypwk839orn1wmpcy2zd37j","carousel",300,93,4,"2024-08-27T13:30:28.065Z"
"r2o7sofpe1cnronow5oir","video",350,84,26,"2024-03-12T16:52:07.283Z"
"3fckfp5e8cma8g21k4i3l6","reels",250,23,11,"2024-08-21T02:52:05.883Z"
"3b2z6dkzwvaxdb69dwo7xj","reels",265,63,43,"2024-08-30T03:08:22.473Z"
"rla1ufn6etr7dvj46herj","carousel",412,20,25,"2024-12-28T02:14:58.591Z"
"92nsjbwjyxe48631y3bit","carousel",226,39,10,"2024-12-06T05:26:08.609Z"
"w7s5qcola9l6wyod01i7lm","carousel",240,83,26,"2024-10-04T02:11:39.808Z"
"4izxc312733iu6ztccuai9","reels",188,61,43,"2024-06-20T07:04:04.632Z"
"yuytw51qpjscq8vvs1m0p","reels",62,26,10,"2024-07-10T03:05:53.273Z"
"bn5i9lgnqmmvu6cn0n872g","carousel",162,44,50,"2024-07-22T15:26:59.393Z"
"996i9d1nkwjkx3jhslr9dp","carousel",481,98,19,"2024-07-02T10:13:39.090Z"
"gyu2crvi74os5o5h215w3p","static_image",287,6,13,"2024-01-05T19:24:37.781Z"
"f4i4y8v3acm6k99edpndbj","carousel",123,71,14,"2024-04-25T07:49:16.509Z"
"6t6hmr5no6dw7e0fkj6yfi","video",251,56,38,"2024-02-02T03:47:24.040Z"
"4rh5ucw2zahsqumv5p1csp","static_image",231,40,48,"2025-01-02T08:01:53.430Z"
"ihw2nu3mdxdgfdfu0quj0q","static_image",142,43,5,"2024-10-01T14:19:21.331Z"
"5obs6i5pu2fcetd31xvsy","static_image",270,12,10,"2024-03-14T23:36:45.299Z"
"27n30y3cx67ef4twkl3l6c","static_image",84,13,37,"2024-03-13T15:38:08.428Z"
"vy1oqqslfddb3qf839jovl","static_image",67,91,0,"2024-10-04T23:51:44.199Z"
"uzqx56pcwhdv8b5sdr6l1k","video",434,100,2,"2024-03-06T20:22:26.811Z"
"2e6im3gqi7m59jfoau2ve","reels",221,15,21,"2024-12-20T05:59:46.478Z"
"nlmxl3r0rbtsllya5ig0t","carousel",336,33,35,"2024-12-14T23:57:18.437Z"
"pisgm43apchr0459vhiq5","reels",91,82,42,"2024-10-05T11:26:43.323Z"
"9pgj2tpoofrlfxbrnso57","carousel",64,95,0,"2024-04-14T08:30:12.861Z"
"r8z50yfnxncd977fv16fv","carousel",247,23,3,"2024-11-13T19:16:10.602Z"
"lne6xgojk7nvp3131hdzqe","video",444,8,10,"2024-05-06T19:12:58.489Z"
"ujd74c4184g4dfcei2hsc","reels",196,4,43,"2024-12-19T07:56:53.614Z"
"79dna1o0gmtgqekafmvkoq","video",64,55,50,"2024-06-23T01:58:31.754Z"
"r3h1j4m6so3dpa0qszx18","video",85,100,5,"2024-10-16T20:22:03.638Z"
"9qzprorn58l397p98pnuus","static_image",186,11,35,"2024-10-16T21:52:06.778Z"
"thh4xlg6bkipginmwction","static_image",259,55,9,"2024-06-18T12:31:32.059Z"
"aiiaordc5dixu91ii8545","reels",161,51,15,"2024-01-13T17:16:27.410Z"
"3c73dc0kpsbgvbif1eqmm","static_image",456,69,39,"2024-10-28T11:17:21.314Z"
"hx6fcwdds8lg5s66hdlxn6","carousel",374,52,9,"2024-02-08T10:22:39.688Z"
"6llu4dcrm1h2sr7wn5m0y6","reels",422,63,9,"2024-05-20T17:58:30.092Z"
"4cbnyt7vrkykjoi74mvo7j","reels",263,97,38,"2024-03-13T14:17:56.243Z"
"ktndgo97ae9zgz3gkuv39","video",270,81,35,"2024-08-15T01:11:09.570Z"
"62wslamesymjpj0dsn4xil","carousel",154,53,33,"2024-01-11T17:31:16.107Z"
"wrsv7fy0xwfmbyodttgog","reels",393,21,4,"2024-10-29T17:04:08.199Z"
"fes3gz6idhhb1defstcny","video",34,85,24,"2024-01-12T15:17:07.168Z"
"ppiv0rouyd6fpc7m29b3j","static_image",288,5,18,"2024-12-27T18:47:39.803Z"
"mde2wnghmofegg05eu3w4d","carousel",399,67,29,"2024-02-11T07:21:48.358Z"
"zfb61qmqsrvrmk2md8gae","carousel",368,47,31,"2024-03-17T20:04:15.072Z"
"iv0s5r5u3va0im1fqk9","video",94,4,22,"2024-06-01T19:28:54.368Z"
"74vois7slum423div30mp","video",190,59,10,"2024-04-04T21:19:55.718Z"
"axv4668b5oh51pfuc091jt","reels",43,93,27,"2024-06-08T11:58:56.359Z"
"tn8zvcnm8gust4npuwz3","static_image",162,4,46,"2024-12-06T20:41:30.164Z"
"9rdhh58svn6c31ppwpqx1t","carousel",368,37,16,"2024-08-06T19:37:33.582Z"
"heh8ah3txqrmzmfpifw7","reels",214,64,40,"2024-12-26T03:07:40.111Z"
"lzy8jt6orv4tblsy3h4x","video",239,46,23,"2024-06-13T16:21:14.507Z"
"trjcv5j23dm8cv5kp8pxg","reels",423,26,16,"2024-03-13T23:54:23.130Z"
"22gxc4iqxjoqrtpcniv8x","static_image",48,10,40,"2024-07-18T11:57:31.573Z"
"730yo6x2ik2oqj9xtoja3p","video",389,79,21,"2024-12-28T21:35:36.101Z"
"madfgop2bjh7mtcst3g6p","static_image",130,74,4,"2024-04-09T03:21:34.917Z"
"n6kaaq4738qyjzrzx2dcsi","carousel",202,51,40,"2024-10-18T21:10:52.466Z"
"2kbbr5agwzjpateumno0s9","video",107,51,48,"2024-06-27T18:27:31.163Z"
"5po65z4ripwex12fpikhu","video",310,60,44,"2024-12-25T06:40:46.097Z"
"ge0xq17910bi05cmmto4u","static_image",416,87,40,"2024-06-07T23:51:43.890Z"
"rkya3of6lf9zaiasugkhth","carousel",232,63,35,"2024-05-05T16:42:59.213Z"
"vv4oebnnph9ywoj6plpzrc","static_image",43,8,24,"2024-08-23T23:57:15.176Z"
"6ir34asglxj1fkjgapl2d","carousel",493,44,17,"2024-07-02T17:05:19.508Z"
"obp2bzwh9a4yh7h30ror8","reels",59,71,49,"2024-08-03T22:36:38.390Z"
"4hqox4ifqu4e0lyl2g3nzm","static_image",406,42,12,"2024-10-20T08:44:24.855Z"
"tqkcjs2c7wgejevky3f9af","carousel",441,70,40,"2024-09-08T05:56:02.436Z"
"vk1ti23rjnlqwd19rim7k","video",455,11,19,"2024-02-11T02:41:09.988Z"
"f4wmx5fgxafiao6zljse7","reels",202,99,42,"2024-11-18T15:24:21.794Z"
"6blf3nbo28qrvyiq17395b","reels",84,1,41,"2024-09-11T22:47:39.908Z"
"xdzzb33gembtl83kwizajf","static_image",100,7,30,"2024-01-25T05:02:50.381Z"
"ul2jizoms8rqvlh8ut5oog","video",238,14,2,"2024-06-09T01:28:52.240Z"
"cckhofu5e1tfzuei87dc6a","static_image",241,21,3,"2024-04-02T01:03:55.716Z"
"53dkgdpfffmz1u48lztzi9","carousel",23,54,31,"2024-06-28T01:20:30.693Z"
"6dxtgxj2bxgqlmjdghneg","static_image",366,17,43,"2024-11-02T09:27:31.667Z"
"azgsiq3ybpfi9drj9yxvdn","static_image",33,70,33,"2024-05-25T05:07:55.517Z"
"nv7q0s3mgbft0a6uzwcw3r","video",122,96,44,"2024-07-08T11:22:14.115Z"
"3mfq4ahsjhtugvysxzhzp","video",169,62,39,"2024-08-06T17:01:49.275Z"
"orzh0lvugwnq5kkn87aq1e","reels",58,37,6,"2024-12-31T10:49:10.154Z"
"imcr58i1fsjwztxllov1bs","video",341,21,3,"2024-04-29T02:47:38.060Z"
"uws7i94k1w7rln0ahdxjw","reels",38,42,14,"2024-04-23T20:21:12.357Z"
"osqup0xgvyhr2ng9zv0s","carousel",270,68,48,"2024-02-17T20:01:54.593Z"
"99n77ph23kt1ctd3m4fyk","reels",384,68,13,"2024-03-03T18:32:41.091Z"
"hgb9my09pobqc6e5wjawi","video",471,62,38,"2024-05-03T23:15:35.783Z"
"dwzyimlvfmg5w6w6ujyckd","video",105,17,41,"2024-03-01T20:25:55.676Z"
"j3cc6ngjsfdbd3hscns3gs","static_image",95,88,40,"2024-09-03T18:14:44.014Z"
"e2leibqom9e8ph70b8poog","reels",146,59,50,"2024-05-11T02:37:21.349Z"
"duicfuhafnr7n35x3pkl","static_image",375,64,7,"2024-05-10T17:02:08.657Z"
"qagitkur4vk6si8yrw01at","reels",351,47,43,"2024-03-01T15:01:24.209Z"
"yvi4m428bxpc9h7fbkhgva","static_image",278,98,29,"2024-04-25T19:04:34.627Z"
"vbdtbuu7q5lbgnk50neom8","video",448,36,3,"2024-03-03T13:23:25.720Z"
"xv8mypx8w5q8ieg97q7mkd","reels",491,2,42,"2024-05-21T00:09:44.728Z"
"dijvkpexbd5h2l4upp6wfp","video",299,30,41,"2024-08-25T14:18:24.878Z"
"ctdp92pqsjjvtct0r5r9f","static_image",58,71,20,"2024-06-26T03:21:41.014Z"
"s4hc56y7z4aei7m7qb16","carousel",458,72,38,"2024-06-03T16:18:19.682Z"
"dv4cqjz6iotq7of542i6xm","carousel",178,15,17,"2024-11-25T11:18:42.128Z"
"wz4iiusmtk6plms3a1966","static_image",25,56,27,"2024-12-30T01:03:33.496Z"
"8z8ky1qps6kz2el51wm6hc","video",137,35,6,"2024-08-05T01:05:41.155Z"
"77f3y4aluax6og96lln5r","video",111,15,28,"2024-03-27T04:59:11.771Z"
"17f8eextsbi3olb1n8s5ir","static_image",491,45,46,"2024-07-28T00:12:12.322Z"
"pruimextc4m9si95bawqts","static_image",74,63,43,"2024-11-16T01:36:48.262Z"
"c41ug9qh8mho0c01pbx63","reels",495,51,48,"2024-10-20T11:09:43.560Z"
"ig5xksdp2c7y4kxm7t0fk","static_image",203,10,2,"2024-02-14T03:04:23.136Z"
"8diyds09l9xtaj7u1ls69","video",290,50,49,"2024-10-28T06:57:39.793Z"
"4z71qna18393x1m5g9zzhp","carousel",110,18,11,"2024-04-16T11:37:35.083Z"
"5vwkf1vmrsr3sfcwwy1rgu","video",87,41,50,"2024-03-22T13:16:57.238Z"
"leoulptnscaaiow4fjebe","reels",426,58,46,"2024-02-20T10:12:22.754Z"
"r50ej1j7ozjbm42azpoc89","reels",40,76,47,"2024-10-03T20:51:23.233Z"
"thmazw3ml7lox2st5ju33c","reels",385,96,29,"2024-04-12T07:18:36.848Z"
"2bn1lzwxoypzntyqxoffta","carousel",223,7,20,"2024-05-14T18:32:54.023Z"
"nzshccp0wtszjt859jwom","static_image",229,99,45,"2024-10-08T00:14:04.819Z"
"1a8ct6sayi5knmd1hp6hma","static_image",131,6,50,"2024-07-10T06:23:19.490Z"
"h97hn0owec5i64u9rn3j","reels",401,41,17,"2024-02-23T06:57:46.841Z"
"3jf24np6fny9iyieszwllj","static_image",252,89,22,"2024-03-17T03:18:02.705Z"
"3qxfi4gfyz3pco8lnlha4q","carousel",298,85,50,"2024-07-24T05:11:36.333Z"
"nidtjuwunk99ditnfqo43f","video",428,91,34,"2024-09-22T01:08:26.343Z"
"pi8ujultmcubfdxw04mj","static_image",44,96,25,"2024-10-29T18:17:48.918Z"
"bxg7qtbj70nn5a7270exh","reels",215,65,44,"2024-03-15T10:50:08.220Z"
"pqkjiz93mc16px5lrbo2n","carousel",39,45,23,"2025-01-01T14:58:08.558Z"
"pmdobgwbvnam5geirjcvj","video",498,94,14,"2024-07-20T22:02:54.394Z"
"gyaa0p2yywp9lawodpku1b","static_image",243,35,40,"2024-09-06T15:39:45.626Z"
"muws0x2h6gumk50cnddsn","carousel",175,35,12,"2024-12-03T16:24:30.751Z"
"hjwn7jq3w96lxfyymceh8d","static_image",406,4,34,"2024-11-06T18:06:31.458Z"
"hdwfwr6kmawkkbhzg8yi5","static_image",290,9,14,"2024-05-02T08:34:09.668Z"
"zgumso8owde1t0oyvw0m01","static_image",411,14,17,"2024-12-13T20:59:15.684Z"
"tq3gvrsdzzbdeu0vcexev5","carousel",264,14,45,"2024-01-10T16:05:16.552Z"
"i409j7nqm2pahax2s83m2","static_image",320,4,27,"2024-05-28T04:08:15.740Z"
"ojs5dbjvn9lyx4xsmt6jae","reels",186,50,35,"2024-04-27T08:53:15.848Z"
"enke9ohqq4zy19om4zt7","static_image",167,2,16,"2024-11-30T17:22:08.469Z"
"x5lp6whlvhpqnu2rmz5m2d","video",352,62,38,"2024-05-22T11:56:10.484Z"
"rs64noe22yqowp09bh71","carousel",439,11,17,"2024-11-02T02:54:18.989Z"
"d35noe2z38qwngsaecblqs","reels",471,1,6,"2024-10-14T20:42:10.402Z"
"w1crwf3ieycg5gysts7jj","reels",109,69,17,"2024-11-30T13:44:58.192Z"
"yglpoewyfmq6ymkzeuusys","carousel",255,28,50,"2024-12-12T12:37:02.522Z"
"yfmz7j5zoprlfv3b1d75","static_image",425,2,28,"2024-02-10T16:18:48.248Z"
"57p4auizc5c8nj7dox7l2v","carousel",105,39,49,"2024-12-01T11:37:47.120Z"
"68n0svms7ioypql05q3o1k","video",134,69,25,"2024-12-15T07:53:01.258Z"
"0a0iq5jkicrlmwe6wi8b7s","reels",269,24,32,"2024-07-10T01:25:29.836Z"
"4t3pfjvkbv9e8q37spwe2p","static_image",139,88,4,"2024-01-03T16:49:57.029Z"
"kb57fs1nok9qov6j7bav5","reels",73,9,14,"2024-11-16T23:38:15.679Z"
"jk614j44evdhmpqm2jziv","static_image",250,55,8,"2024-05-01T12:14:32.237Z"
"c52t4hi2lshllhg6yogjt","video",189,22,32,"2024-01-10T19:31:24.239Z"
"mskk966054erbtgye1y88m","video",78,13,40,"2024-02-15T17:22:07.683Z"
"ck3qylyalnpv3hdp7z39z","static_image",358,19,35,"2024-05-08T01:51:05.577Z"
"uqz1qebbebmwj1ntwozn7","carousel",406,26,45,"2024-06-04T21:34:55.006Z"
"diay85g2umvbtxkvfe4dfn","reels",254,11,23,"2024-12-04T09:36:16.335Z"
"pcd6gps6qt8nuysyv1m3p","reels",147,87,25,"2024-08-23T15:02:35.882Z"
"e0bw1mt75at497vla5xfg","static_image",111,15,12,"2024-07-17T13:20:04.765Z"
"77rb00r8watnman4gnb0qo","carousel",373,13,45,"2024-08-15T16:44:45.054Z"
"b0yfonoaoagnva34nouzao","carousel",113,39,19,"2024-11-10T06:38:46.967Z"
"c435tu6508t4hs0zoz81ck","static_image",186,12,37,"2024-08-22T04:32:17.357Z"
"kacw3hqoodartoqsd76u0p","carousel",321,23,9,"2024-08-22T17:20:01.755Z"
"8zskmypu2zq2wlxezzbfk","static_image",273,95,28,"2024-10-03T08:23:05.212Z"
"1phgy4aqjamr0cnluwto","static_image",19,99,33,"2024-07-15T11:25:27.509Z"
"ik6d10tf22so2qyrg0n6o","carousel",147,30,39,"2024-03-30T06:29:51.816Z"
"799zve2inhtgvotkigjdxg","static_image",415,54,44,"2024-11-04T10:54:25.140Z"
"xwr078rvhzkpgujaprubp","reels",21,2,48,"2024-07-08T01:28:03.409Z"
"ff4m2fhcr5ibrstmnanhc","carousel",490,37,47,"2024-10-25T04:35:41.200Z"
"lwhehrlu3zht2b6cbpo4z","reels",343,79,9,"2024-09-10T05:38:19.620Z"
"rih625s0oiefjsuvojuez7","reels",355,5,21,"2024-10-13T22:49:06.822Z"
"7a2zevf1jlrdqaaffob9cf","static_image",423,42,20,"2024-08-25T04:53:26.112Z"
"hi5g24ouect7wlq6spm6k","video",280,49,10,"2024-12-30T20:56:57.579Z"
"bbxalhi1rmdlijp6cbulb","reels",361,98,1,"2024-10-06T09:44:40.087Z"
"t7377lb4u1qc138q8uhnph","carousel",108,39,5,"2024-07-28T08:57:07.619Z"
"bu4ngdy25mnq7zaqq6kzct","static_image",281,10,13,"2024-05-18T05:54:15.419Z"
"rmmwggywbcgv5d0zc3iaf","video",154,87,44,"2024-04-24T18:28:07.629Z"
"7tr6kw3au2l8ea7b3z5g1t","reels",399,87,14,"2024-07-15T03:44:53.032Z"
"4ln83rfketc1wddgwop12z","carousel",445,39,10,"2024-08-23T05:31:14.290Z"
"dj9cmv39sl5nj2svjapvzq","reels",44,43,3,"2024-04-26T10:53:17.013Z"
"mfy5yauk46dayealpnn8jh","static_image",203,19,35,"2024-06-25T05:27:09.128Z"
"dwg998ym16nbdfuqw5jiso","video",197,17,10,"2024-08-28T18:48:13.915Z"
"micdjk2zgnvgtmukoatx","reels",42,1,24,"2024-01-16T06:38:39.789Z"
"wdygmpoh8syos2soxdioc","reels",472,96,12,"2024-04-01T18:38:26.619Z"
"1zsl5jh79ciehzggtwyv9t","video",218,71,21,"2024-11-18T04:52:46.881Z"
"oo3uef5211ukt3st95p6","video",21,88,3,"2024-05-22T06:32:00.145Z"
"554j9ry36crcprnjzgcq6u","video",483,53,21,"2024-04-02T09:17:02.995Z"
"uoogg4g3w0h7r46r8ld6j6","static_image",186,82,41,"2024-02-27T22:23:04.005Z"
"6nl7zfpmblfdmmb18tf4kg","video",109,70,18,"2024-05-24T20:13:08.334Z"
"hzo4rsjcnptn1vn01qqa4","video",371,10,11,"2024-01-20T11:39:51.451Z"
"zv8izvez5v9rag94647oyl","static_image",95,12,29,"2024-09-14T19:58:08.381Z"
"gble61h99jpxhx7d2gtira","carousel",344,34,29,"2024-07-15T05:42:34.357Z"
"an4kagl2ruw2ls2fz916lo","static_image",202,76,22,"2024-04-08T01:15:23.694Z"
"aro4kjpx4fc6nydrvwuqmn","reels",102,46,17,"2024-11-07T21:07:46.163Z"
"0y9u7c7d2xps9ytlya7kh","static_image",284,62,33,"2024-06-28T14:15:44.331Z"
"cctaaqf3ccv1m7cpcypw53","reels",405,15,11,"2024-04-25T20:05:16.761Z"
"cfsgdt1h719pjl3b7leui","static_image",87,93,44,"2024-08-17T02:44:58.854Z"
"fp7k73u066dnjobc8czbm","carousel",127,1,24,"2024-02-09T02:28:29.934Z"
"84tri39xp9g33v1cr0z2x2","reels",116,83,16,"2024-12-26T09:06:35.930Z"
"ozrpfyt7o8lk0jusyr6qqf","reels",214,46,14,"2024-10-10T22:20:40.634Z"
"xc2l2dhxcfl0xm5kms3202o","video",339,30,24,"2024-04-03T16:14:20.952Z"
"9yzy95e1k24jyyhmm4xry","static_image",262,53,35,"2024-07-15T21:46:49.373Z"
"pvn30284iegh9ukwh9y30q","video",421,46,7,"2024-04-17T03:33:22.266Z"
"j6an073dq1fjq86mbv1qg","reels",475,71,33,"2024-10-31T10:22:04.019Z"
"3mhqtl6mernkgiy9twykgi","static_image",381,27,12,"2024-05-15T23:06:44.183Z"
"lffhxcbcmjdg9lsbx12af","reels",82,92,22,"2024-10-12T12:51:27.373Z"
"n1olsez8ysji2jghr43wuh","video",88,41,31,"2024-03-07T01:11:38.617Z"
"tr1hujhdl29fb5fqwn1otk","reels",253,95,45,"2024-12-06T02:44:11.257Z"
"s5v65ar3adeiva1ncohss","carousel",180,12,19,"2024-03-06T17:10:02.027Z"
"0dukp9sbtw5l89je4xg0oao","static_image",423,51,2,"2024-12-07T03:57:44.529Z"
"vnd28t4eyn2vwihx1xkv1","carousel",444,94,22,"2024-01-17T04:55:42.934Z"
"juk2ok8twtsfcy1xvxzls8","video",152,76,2,"2024-02-26T22:50:40.639Z"
"cwndono8c0eljs4ykorjap","video",76,7,24,"2024-09-08T02:57:25.032Z"
"7kkrm09tasrwhk9hax2jfj","carousel",495,15,14,"2024-04-06T16:09:02.899Z"
"emb0sxqd4mfj8y81ha13d","video",454,44,35,"2024-08-09T13:09:38.013Z"
"oajv2t94jom0ck1zxwdxjx","reels",152,52,27,"2024-12-21T10:13:49.408Z"
"qhq6n313qqgy35pimjq8d","reels",158,55,20,"2024-05-27T12:58:55.724Z"
"cbs7culhtcrciyk9gtcxp","reels",103,75,7,"2024-05-24T23:46:24.341Z"
"6nak9obpw3ekrsiu6vn3p","reels",102,98,23,"2024-07-27T21:18:55.806Z"
"vbd4cg3lv2kklvslr39fjo","reels",470,6,23,"2024-07-27T09:39:38.472Z"
"4s9urr3opqndi0pe5kn8fg","reels",496,50,18,"2024-05-08T22:22:56.688Z"
"2sdvcl5pfgcb2cfvk05y3p","reels",23,64,10,"2024-10-28T23:28:12.311Z"
"o7dls0osrudwfy6y08qpyb","reels",444,96,44,"2024-05-20T21:18:53.425Z"
"9igdz2u5fa6bw2ufegjkau","video",384,69,43,"2024-04-26T17:54:51.417Z"
"80gtecjoswsl0ssmu14ab8","carousel",16,91,42,"2024-06-26T13:31:58.334Z"
"h1i9y4xekxpbzr0dbeumhg","reels",72,60,17,"2024-02-21T12:07:20.700Z"
"xkn30y4ye6euj6pbtphu9k","carousel",59,76,46,"2024-07-18T10:54:58.169Z"
"jlvhs48tmb73i7x52kt1x","carousel",478,9,41,"2024-02-25T02:36:30.208Z"
"b3j1qxgmmt7s2hs7a4wiv","video",460,54,50,"2024-03-03T06:23:13.565Z"
"js3nkjtq4np3w7pawdymvu","carousel",51,33,22,"2024-11-29T08:45:40.799Z"
"uyncyv4usp9iodydwr0fd","reels",251,6,18,"2024-11-15T05:30:26.400Z"
"7d8cmzahwz6txzrs6k8mt8","reels",263,34,16,"2024-10-21T13:52:02.069Z"
"556g896tn94zib55o8mqmd","static_image",127,25,1,"2024-12-24T11:44:27.870Z"
"afi8mqd4qqf7jnbdob65pg","reels",121,63,0,"2024-02-05T11:03:56.188Z"
"mtya7pkccshtwe1i6ve6k","carousel",122,45,37,"2024-01-08T04:40:06.005Z"
"3bh6zbq5qmo90snxzr42q","reels",224,63,15,"2024-01-11T04:43:10.874Z"
"wh2pelh41yr603ln3ybhs","video",102,81,15,"2024-07-10T11:52:12.146Z"
"u1pjzkes4uu5es2wvtsx","carousel",370,97,1,"2024-05-21T02:00:52.990Z"
"qoilsaqy6ccbmn69pbplw","reels",271,23,17,"2024-04-09T17:30:05.376Z"
"1y2dfi4oemhjesubhua4866","video",256,62,28,"2024-03-17T23:41:31.606Z"
"zrp8q4b1l3rg7swi832hhp","video",453,3,22,"2024-02-15T22:36:55.730Z"
"enh990fpj1n9fwxaz5lee","static_image",36,17,17,"2024-11-17T02:17:05.950Z"
"c0vkpyo1hid58baxcytqi","reels",341,74,25,"2024-03-01T23:26:49.632Z"
"lqkpjvq8ptar977jcn6g9l","reels",27,68,28,"2024-10-29T21:59:10.660Z"
"hbz2b5fuzs4m3u3qjy0zr8","reels",296,86,5,"2024-05-02T01:40:02.016Z"
"nl0qthltuxehuykjjuedje","static_image",333,15,13,"2024-03-29T01:22:12.850Z"
"vimxummwolci1l972ystxg","video",161,28,31,"2024-06-30T00:05:40.383Z"
"dp7affqpu3r1i677au53ye","video",324,30,48,"2024-02-29T08:58:52.601Z"
"9t6yzxdgmpc7zyhdsbrtud","reels",18,89,34,"2024-03-24T11:08:03.508Z"
"a7aeg7j894b24a2lknwij3","static_image",351,35,38,"2024-05-27T16:37:07.715Z"
"62tpup1q1wgtkjgskxpn9","reels",431,83,14,"2024-07-12T05:55:04.172Z"
"josai4t57t53ugq1srnb","static_image",203,91,8,"2024-04-22T14:39:31.969Z"
"3umlxlx833g9llidu2grg","static_image",32,73,21,"2024-08-18T23:56:37.928Z"
"6amsggdo3na51ynptc9d9e","video",262,56,25,"2024-08-02T06:53:22.080Z"
"meem96tfkcf9d5ga4ff9z8","reels",415,33,16,"2024-11-29T11:27:01.783Z"
"5hvar60cunaq7q1rc1c4l","carousel",40,60,34,"2024-08-07T17:50:57.898Z"
"48u41bi3xmgsiatfjuksyq","video",109,70,33,"2024-06-10T22:20:34.431Z"
"dzspbrt2g08hkjihp8unt","static_image",362,85,41,"2024-09-02T03:59:21.980Z"
"7wuvfn75syowwrghtnvwcc","carousel",370,75,32,"2024-09-26T11:24:08.952Z"
"sduuub89baflwkdguu7ge","static_image",326,44,32,"2024-01-22T04:19:00.296Z"
"zo3sh7supesoa0a18h4opp","video",492,6,19,"2024-06-12T11:22:57.436Z"
"44ddw1evg2uh7sgdroc5l","carousel",46,85,13,"2024-05-09T18:21:24.593Z"
"1yt0481zrnnh3fznbzsxg5","reels",165,68,3,"2024-11-07T09:12:14.881Z"
"n98h3gf35h8enxxbpgbv76","static_image",469,78,18,"2024-07-05T18:47:13.003Z"
"7gam5rv3hnogspzhotxo3","static_image",88,46,24,"2024-10-03T16:57:16.950Z"
"1du3l3ullb2b9xup06kau5","video",297,4,24,"2024-06-02T14:27:47.544Z"
"l5a62nkuwslzd0fdzgdc","static_image",378,80,46,"2024-04-18T09:19:58.161Z"
"mubvfa2j256te18h4obr","reels",246,29,31,"2024-08-18T08:05:35.674Z"
"zztaxagf67sag21ixir4mf","carousel",334,23,38,"2024-07-12T04:07:52.623Z"
"3edw4dsxf1ax5xcad7tkr","reels",390,63,44,"2024-09-29T08:32:38.696Z"
"aodua7ibkjmzojlv3q8yr","reels",467,70,45,"2024-07-13T14:46:58.390Z"
"agkyap4dbqn3w1jh0li3j","carousel",369,95,48,"2024-02-27T18:12:41.759Z"
"vtqfzni5na9qg2rab96lq","carousel",418,23,28,"2024-07-23T03:16:12.398Z"
"go8dvax7igj3bui637mamr","video",231,90,41,"2024-03-17T04:01:10.046Z"
"6htmqsdpzuedw761shsdk8","static_image",56,39,10,"2024-04-18T10:23:31.923Z"
"lxusqe5hnpbl80ku5zhhz9","reels",314,45,28,"2024-01-28T16:55:46.277Z"
"l84k5u0o6rpm11vugntfa","carousel",239,100,47,"2024-07-14T11:54:45.871Z"
"naeyhuf41xl9s3f5c09ijv","carousel",348,6,5,"2024-07-19T09:36:04.565Z"
"l66bp70ng2igq8dkuyqw","reels",118,69,8,"2024-01-16T04:28:44.526Z"
"kiah4a1ahsn258d7m3e3dv","carousel",430,37,44,"2024-12-04T19:55:40.979Z"
"bcxblyf1qmrkhvm0e10yyg","carousel",266,17,24,"2024-05-06T08:39:08.246Z"
"ac427dh3c5zniq4vhg6z","video",396,81,22,"2024-01-05T15:47:46.160Z"
"hyxsv2mibkeejvucfkff","video",411,81,5,"2024-02-11T17:20:28.308Z"
"svon3i0ybhwc27s6r43y","reels",65,50,42,"2024-09-27T13:46:30.074Z"
"ofvfw3xbuwsc4bimy5c9k6","video",388,42,12,"2024-12-08T00:43:57.416Z"
"llu0mzig0r4vyta6fo4m","static_image",184,78,28,"2024-08-26T08:00:53.309Z"
"piy3cnr1zebzndfj0vbu3p","video",229,35,40,"2024-07-10T14:09:02.889Z"
"y0jchhxfffyjp0uf0dhq","static_image",92,40,21,"2024-02-02T05:17:17.485Z"
"er7iauiswr4bc9z0wukilt","reels",314,43,24,"2024-03-22T20:55:38.019Z"
"02rkampvn3hqtccih36k2y9","video",298,61,27,"2024-03-10T16:42:35.191Z"
"14sr6959s61xhzxed5rvy","reels",439,60,42,"2024-05-17T18:49:39.902Z"
"a808a0wbhaui7tcjh34mz","carousel",176,69,32,"2024-07-25T16:07:47.528Z"
"v5wtx8fhcdblmt965y29e8","carousel",44,23,5,"2024-02-10T18:55:28.498Z"
"cj9dae94d8cqsot400dt6b","reels",345,96,14,"2024-06-20T21:18:04.278Z"
"1kq5kc58tb2ppsqf9hgzd","carousel",362,21,31,"2024-02-06T15:41:06.022Z"
"6g4884ydxwbo61y3u3wzca","video",461,19,50,"2024-06-12T02:58:51.439Z"
"eff3tyk6v19ivvrwzpxwln","static_image",413,39,49,"2024-06-08T02:58:44.273Z"
"rqs7tcmpp5kulvmtod6sp","static_image",159,83,41,"2024-02-02T20:24:05.310Z"
"5q3e8m0qtggyfyin23xh7o","static_image",219,92,35,"2024-12-08T13:48:06.819Z"
"j6rpolw02zxl9txoqgwsi","reels",331,85,40,"2024-12-03T04:37:47.122Z"
"6afyt47939sflkneejgq9k","reels",59,99,3,"2024-10-11T10:30:11.189Z"
"6hqbn9biv1ab0hywj0fpak","static_image",146,14,4,"2024-07-27T17:28:19.317Z"
"3hemmtsg0wiy5tejy8dsq","carousel",300,76,16,"2024-08-31T05:19:47.146Z"
"im86e0f0etb96rdd8a5hz6","video",266,17,6,"2024-07-26T00:27:46.666Z"
"7ip67h09eij977245htxkt","reels",390,83,37,"2024-03-10T10:04:19.187Z"
"0o0i0q51wnimkjl875mk7n","carousel",487,25,8,"2024-01-26T20:09:26.189Z"
"letcncfe8pzfdo5cwxep","reels",190,62,42,"2024-03-01T23:58:08.080Z"
"yk26332jk1rdn8yxg4vns","reels",36,41,23,"2024-11-29T05:47:30.573Z"
"gppvxexcdtd6umnvckffl","carousel",488,1,31,"2024-08-27T18:45:36.230Z"
"71fl9as0ltvt7caui0sc6n","static_image",321,13,46,"2024-07-05T05:56:46.032Z"
"5vn40hboba7etwt6nf86n","video",460,38,9,"2024-11-18T07:57:20.102Z"
"qcy1zq1nq6j4qlwx9hhac","carousel",20,22,1,"2024-10-25T02:34:41.264Z"
"uophely246ju0l0luaod8","reels",138,86,22,"2024-01-19T18:58:43.251Z"
"p4fhzkl5ltftjgbd37ukz","carousel",397,63,47,"2024-10-26T07:54:18.774Z"
"gmc9guy2o25lnrq24gt0yr","video",358,7,45,"2024-04-07T19:21:28.830Z"
"7v3vqot6zlhlmwt5444zla","reels",471,16,14,"2024-07-26T10:21:54.169Z"
"30hor8sbce7r22c37rxo5","reels",397,8,45,"2024-12-14T02:16:30.632Z"
"ztlw1dwmikp5doixxuuex8","carousel",277,49,46,"2024-08-15T09:57:32.466Z"
"r8t10oxzv2244vcr37qse","reels",494,61,38,"2024-04-01T07:44:34.974Z"
"lf0y3y338ja0s3n04zih8d","reels",253,39,24,"2024-02-01T06:51:53.293Z"
"6ol4bm8d5cse09l63x869m","static_image",276,1,5,"2024-01-11T02:27:23.473Z"
"iw59nkh8vkpdxcjzlpn2o","carousel",277,63,31,"2024-04-21T13:41:50.014Z"
"szz6u70dni7l0z18ikfcf","carousel",77,95,44,"2024-04-07T11:26:28.556Z"
"702r6jfhgwkbdifme8v2su","carousel",325,65,23,"2024-11-25T09:56:03.482Z"
"xdqpbem73kf2gieksautn","reels",447,7,33,"2024-04-04T22:53:36.566Z"
"vcktx4izb5cpnvnw60fgla","video",479,58,25,"2024-11-08T02:21:38.935Z"
"vs71nbw681gvmbttd4gjl","carousel",64,16,43,"2024-11-24T12:03:57.058Z"
"3bchvuurx4vy7ev6w4ihqa","video",484,26,35,"2024-10-17T16:16:17.991Z"
"ks6178ivdwbepc6dy06dv","reels",319,38,3,"2024-03-18T17:15:59.476Z"
"5bnky5y48uus3uwqt4kn","carousel",96,75,3,"2024-05-29T11:47:36.601Z"
"ck3cjpxaqqm3ahbgbthtjl","reels",425,72,10,"2024-06-30T19:50:22.810Z"
"gso2b2q4nfq95wtapljsy","carousel",133,74,9,"2024-08-27T10:10:47.244Z"
"k9b3gf12oibs0zw4uzcgj","reels",404,38,16,"2024-02-26T02:20:04.749Z"
"fzr77c900gejq52ekhxbl","static_image",366,95,7,"2024-02-07T14:53:26.300Z"
"l52u0w3o4xardcl0wb28o","carousel",347,6,17,"2024-07-06T10:24:54.511Z"
"8onqegcbhdqq7y6swqg34","video",137,85,22,"2024-01-31T13:38:28.129Z"
"mclkomtr0eh3c88zibmrv","video",300,97,11,"2024-09-22T22:04:20.469Z"
"lc7z5arr243zkpphunms9","video",283,6,1,"2024-04-16T11:24:38.251Z"
"2w7369by91x0nxeugqfp9t","video",23,96,41,"2024-04-18T16:01:11.419Z"
"tba9zx0spivyoe1ym6mdn","carousel",495,77,42,"2024-03-17T17:31:16.837Z"
"fnr65vf0za658uxk5bik7v","carousel",412,61,7,"2024-08-02T10:44:36.602Z"
"hq57cq4tnimp7t8uf8t61","static_image",99,76,2,"2024-02-21T19:04:50.391Z"
"hovxtldf6wbvhocfeat3b","video",454,21,50,"2024-11-01T01:33:20.688Z"
"bs3j0edxttikvo53hm7","reels",68,78,17,"2024-01-26T23:33:17.055Z"
"47mfhxrkl2p4gk0axg77r2","video",368,44,18,"2024-06-15T11:44:38.193Z"
"4uphs9s5w72hiyex6jfrxl","video",163,51,36,"2024-08-22T03:22:31.470Z"
"85rmu0dy444bsjhq14t8l6","static_image",182,34,16,"2024-03-24T17:06:13.659Z"
"ycbvi41rtzi7iu7abs09w","carousel",258,19,39,"2024-10-05T21:33:09.525Z"
"t8expbb53p3tdvu4u7p42","static_image",421,97,4,"2024-11-23T23:50:33.253Z"
"bynqu48do1mtkhbq7oe3n","static_image",285,86,47,"2024-11-08T13:41:34.881Z"
"wzkivm6ktqnmv1k6gl7zdc","reels",80,14,23,"2024-01-25T04:41:01.669Z"
"x1e5oo4rl8gof6roqr8mt","reels",312,47,10,"2024-12-24T17:18:46.238Z"
"6kre22crmhs7usj26phu","static_image",285,65,22,"2024-06-04T23:11:17.092Z"
"5m2pemxkhg55lms7swzhtb","video",248,34,6,"2024-05-09T05:27:38.606Z"
"ie1qxhqrgrf1bveyhpmxq","reels",127,29,44,"2024-02-05T04:50:51.678Z"
"hsdu0ee8vafzrbw1mukxwo","reels",145,7,23,"2024-05-18T19:11:33.520Z"
"tu7glcx75nssai8dzb8sf","carousel",467,63,26,"2024-08-22T18:36:48.397Z"
"9yvzvirp4khs20vlw97pbg","reels",309,94,32,"2024-02-06T14:59:02.753Z"
"5bi48xdhphiay6eo32qsm9","static_image",249,6,38,"2024-06-02T16:04:53.780Z"
"z9fu1gsolkdeu4c6qq59k","carousel",80,61,4,"2024-09-27T23:36:16.491Z"
"enjvovpf3gsuv2gahx6ixj","video",453,30,4,"2024-01-05T22:37:27.128Z"
"1xkgpijqomdvapnwtt0g1","static_image",244,15,6,"2024-01-26T20:14:35.520Z"
"nuuibjo7qlrspboj4q97t","static_image",121,41,15,"2024-12-05T11:44:47.482Z"
"ddffim47w90gc0m2zc8ck","video",91,32,32,"2024-02-09T11:16:02.369Z"
"1fnpndv3ehszftha9t4wdt","static_image",465,99,14,"2024-07-15T10:01:06.232Z"
"rvti49s0hjfvfxlajdyo5","video",104,73,21,"2024-11-22T03:53:29.024Z"
"k5pzepusg26z1p18zxzwt","video",151,36,33,"2024-09-08T07:28:03.296Z"
"9tykufz45igjgburm6m48","video",115,43,12,"2024-01-07T11:05:56.476Z"
"hekgiyuz7ira3togmn9smt","video",141,18,38,"2024-01-08T15:44:34.700Z"
"uzr8covxuj9qpntkfqx6u","reels",378,1,34,"2024-07-14T06:34:22.704Z"
"7ygxjzs611chldoky59lcn","reels",244,60,22,"2024-06-20T23:31:34.063Z"
"nurb7lbulhqgaivba1cya","static_image",237,44,17,"2024-03-21T15:25:53.048Z"
"n6urhh4zfucqz4nldmwi9","static_image",256,8,44,"2024-02-02T16:17:05.969Z"
"j61lyf4wmher0ng845mfsp","static_image",106,67,30,"2024-04-17T11:27:25.901Z"
"gmo4853ujegpkulqaljoe","video",403,40,3,"2024-07-17T16:17:58.292Z"
"y0lz4qxjsu4wfrz4px347","carousel",317,100,11,"2024-04-25T14:06:23.977Z"
"6vtwin42j82aa4hnwuulml","carousel",48,30,10,"2024-06-21T12:11:52.819Z"
"rhzu08m1x88v5q8ee0jtk","video",57,8,13,"2024-01-05T04:19:20.509Z"
"pte6b9193ik0fec8zuw8y9","reels",459,61,13,"2024-05-05T19:05:17.846Z"
"cyj7svus9qr694aajpvn63","static_image",27,27,21,"2024-01-06T03:02:45.835Z"
"mvsmisb9ilg3xq540ddx6l","reels",320,54,43,"2024-04-27T00:08:55.635Z"
"djgrizn6dyk841ngw903c","video",464,23,29,"2024-04-06T03:11:58.496Z"
"91omdkk69ggrwp9ydjy0s","static_image",66,94,29,"2024-02-27T09:55:14.240Z"
"xk48m2jhh7whqnvoladyp","static_image",441,1,38,"2024-06-10T22:08:38.337Z"
"ff5vgxs46pbk6dpaagp4v","video",444,24,44,"2024-05-10T08:07:04.971Z"
"lln7vxcru5jo8y8auolhys","carousel",95,68,22,"2024-09-10T13:51:43.568Z"
"tmw143hroqctt8nq3bbrs","carousel",125,26,28,"2024-02-06T20:22:46.006Z"
"2nd9iav1zi3ngpsoim9o","static_image",206,1,2,"2024-02-05T10:00:15.911Z"
"joj5ssi21mh51lym45mufm","video",442,90,46,"2024-07-10T07:50:24.580Z"
"1ppaguil6o5gtl9lwjcg8g","static_image",448,64,19,"2024-02-07T04:11:35.473Z"
"2h7e2pluby3x60xpvhljnk","static_image",345,22,1,"2024-07-06T12:33:26.931Z"
"2khdwlf2aabj29wd2yydo","video",270,29,44,"2024-08-02T10:47:59.758Z"
"hj0e7jpczaf067x9vm0heui","carousel",448,28,3,"2024-11-17T03:51:08.793Z"
"mgo4bgpxf1ax0merxtbfxc","video",211,26,19,"2024-04-05T14:42:31.679Z"
"kwefm4vmr79v5k0xwyp1hr","carousel",207,58,26,"2024-12-13T14:21:27.423Z"
"dwt326zxnlmww7sp5zrnjc","reels",154,13,13,"2024-04-14T18:07:53.069Z"
"1op9j9gntluam7rpad22nq","static_image",334,56,7,"2024-07-25T19:48:21.513Z"
"oqypr5aclh7yso38b3rxbj","static_image",124,26,18,"2024-11-09T11:01:34.072Z"
"25e58ib1y3yq9bpp2hejmo","carousel",498,23,29,"2024-09-23T07:27:41.764Z"
"vz52t8mw18ogyeb40x4ss","video",159,8,0,"2024-12-21T20:06:20.916Z"
"497qc944i3u751spi611y3","video",153,59,19,"2024-04-04T17:28:35.070Z"
"9j2wyuim0owl11mwvd201","reels",179,15,47,"2024-02-27T22:50:53.050Z"
"muirs9j2h89tzejghfdykb","video",124,84,35,"2024-11-30T00:21:10.462Z"
"5l0dx6totv3ezp1jgbt6am","static_image",43,24,6,"2024-01-29T02:52:27.363Z"
"txdbeh7poo99lfu8oxyvpe","reels",294,98,29,"2024-02-13T10:11:33.666Z"
"u1jczgq80qmn97nv3cm8g9","reels",249,48,23,"2024-09-07T02:52:17.962Z"
"nzbr8l18mwekioev4eee2f","video",359,42,24,"2024-09-27T11:15:22.480Z"
"7a7b9g6xcx9vrh6xts73s","video",290,9,7,"2024-05-16T12:31:52.960Z"
"09wdrlhd30kcje7mrhteduq","carousel",35,95,16,"2024-12-05T04:37:46.849Z"
"0qylygvvzjid1m16qepf5h","carousel",27,74,28,"2024-05-07T22:11:29.207Z"
"3n9gtyihq6od3fi4jc28zk","reels",487,100,27,"2024-03-30T03:31:50.559Z"
"fuz4rlhxeze9cbzytiktt","carousel",74,99,22,"2024-01-08T04:06:20.692Z"
"hqsxyuuvzawvnvdwllfjpg","static_image",57,10,39,"2024-09-11T17:10:09.153Z"
"q7cvam2ti47okbpj5n15t","video",41,54,25,"2024-10-25T00:02:09.073Z"
"3p411fqyd6j5hfi6i4ftiw","reels",432,73,1,"2024-05-07T23:45:56.811Z"
"ozpu4oxlrbu8sfkb3m1b9","video",249,68,22,"2024-01-26T20:54:47.026Z"
"zwvay5tsocm72siercu4wp","static_image",455,31,10,"2024-07-24T10:53:09.482Z"
"3igjrwlox23g6zh58nsf6h","reels",292,42,36,"2024-08-20T00:44:27.981Z"
"yt2t1cbs5ax9di6kplop8","carousel",46,15,35,"2024-05-12T03:34:38.923Z"
"wkgcezeb9ybwrp4j934r5","reels",187,36,6,"2024-05-14T23:18:46.053Z"
"mb0kd9g6l9q5pyxnmqbgz2","video",45,68,2,"2024-02-29T03:21:47.670Z"
"1v7wotlcx6hgtqqan9my7d","reels",89,38,8,"2024-05-18T16:13:07.370Z"
"u57lm2zb7yc6ig20zki8p2","reels",312,62,40,"2024-11-29T14:31:59.022Z"
"swocd8xqodawltdyagx7ii","carousel",197,57,36,"2024-10-20T08:32:51.239Z"
"dv3bjyyveu7dplmo72dvbj","static_image",313,89,7,"2024-08-05T19:32:29.811Z"
"wggi8j8oyh4mfo59ut2di","static_image",467,56,3,"2024-08-23T09:26:55.448Z"
"p4793k0cw6hs5275olts","video",228,70,24,"2024-12-19T01:09:23.729Z"
"13na9fho56dafkuc6f14tk","static_image",60,27,50,"2024-08-05T10:46:29.449Z"
"zop5zx7lr1kdgruuk9kqea","video",78,86,38,"2024-04-03T23:59:27.478Z"
"f94nnxq4h5tion3y8sooqs","carousel",196,66,14,"2024-06-08T02:11:05.368Z"
"ggyh7h1m08qb0qf6mfj8dn","reels",467,57,16,"2024-05-01T18:18:55.005Z"
"i5rapv9i5bcxg4kyfc8a8m","reels",493,63,20,"2024-02-22T02:35:07.649Z"
"hxim0k0y8748lh9ngluurg","reels",198,85,10,"2024-05-18T02:34:26.630Z"
"gvb9y59ikglcryhpntjv","static_image",493,77,23,"2024-12-06T15:33:09.849Z"
"atiaipdfqfh84ohxs2u5rk","video",201,45,37,"2024-01-03T13:13:26.156Z"
"jz93l8bgblkolu8hmzib9","reels",61,30,3,"2024-01-14T09:41:26.800Z"
"4c54fxoee2zcmc0koni5e6","carousel",168,21,31,"2024-10-18T11:00:25.770Z"
"ctcmz9yatyto8bsjyfasp","video",151,26,13,"2024-05-20T13:03:56.212Z"
"pxou4dj3o1mn9sz51qdfsf","reels",389,72,33,"2024-03-18T21:53:10.099Z"
"r6ijsngb7g2d9umisg9o","reels",304,22,44,"2024-11-26T18:26:42.490Z"
"flv8d53i70lundvb9lpf0l","static_image",214,21,29,"2024-05-25T05:32:08.042Z"
"c492enyj1nk3c6o6meza","reels",126,35,22,"2024-08-14T21:03:47.452Z"
"l8u6v5ijcen66ch434kek","video",442,8,21,"2024-01-16T07:35:50.154Z"
"9mlwh0dkrd5vihcfufjsyd","carousel",36,82,32,"2024-07-06T13:46:24.211Z"
"giq674lfx55379v9xgq7ne","static_image",105,10,50,"2024-01-25T11:13:44.336Z"
"7cbbi8wov9mm8u9xwfm6m","static_image",151,21,9,"2024-03-08T10:01:08.046Z"
"tpq4eri678odctbky2ap","reels",337,50,36,"2024-08-04T03:34:24.724Z"
"m0bfw6eqtvo2n6xajx4","static_image",374,58,37,"2024-12-29T10:15:02.079Z"
"d6xvghnygyc4lkfpr0eo9t","carousel",303,74,35,"2024-06-30T06:41:09.375Z"
"gi00x2qwzobjdxwwhqdjw","static_image",243,71,37,"2024-06-11T02:20:37.802Z"
"mrztalzw9efmnnok3naefm","video",84,5,50,"2024-04-09T17:33:15.941Z"
"57owh6besc7pz1q5lzahs8","static_image",308,58,39,"2024-07-01T07:27:35.692Z"
"v0rm37aytiqz2svcfa3jf","carousel",359,64,39,"2024-08-18T18:20:31.376Z"
"unkk2itn6un16h0rt5w2df","carousel",60,97,33,"2024-02-11T21:33:30.660Z"
"pfqhd9b5n4u261bzgcd7b","static_image",460,85,38,"2024-07-24T14:39:15.218Z"
"za4ciiwoudsqslgxpkcbze","static_image",35,61,22,"2024-02-23T01:39:24.847Z"
"f8jn1tpmmggov10hjwx6e","static_image",156,91,14,"2024-02-09T03:48:11.208Z"
"fvm7zeyfajwap7qics134","reels",466,36,4,"2024-08-29T04:54:50.822Z"
"ejsgm1z0q6eazxroieyl","video",395,48,43,"2024-12-05T02:06:06.909Z"
"jn2bhh76q5n3k29i3xrid","video",113,65,7,"2024-05-14T23:46:49.984Z"
"7tbmoawqsxw5f05aw2feao","static_image",173,56,20,"2024-05-13T10:09:54.835Z"
"u0bjx6ugfll7qfuyb7wz0a","carousel",439,17,0,"2024-05-17T01:00:51.486Z"
"33ij26u588u7my5k35gq","reels",325,54,23,"2024-06-16T06:56:59.123Z"
"0hb4pde2wo1otocgcxxq5ye","carousel",185,82,7,"2024-01-23T01:28:57.424Z"
"c5hrzrhug3dai788oun479","reels",92,78,41,"2024-05-05T22:38:50.301Z"
"fh4gcubrnswzbb2gj9efyp","carousel",352,15,11,"2024-05-21T08:54:20.810Z"
"olvr3ypesbpzw4v6sc6j1","video",480,85,27,"2024-05-20T22:45:57.983Z"
"acwneyyjovjhggj477urur","carousel",336,84,46,"2024-06-11T21:35:42.549Z"
"av81fkqbmjb286c8gkwwdbi","carousel",234,59,0,"2024-10-15T14:39:53.476Z"
"569gg38kkvog04t2nv6nz4","reels",316,88,17,"2024-07-21T23:35:24.577Z"
"9oyu0o9qwy4fu2lr9i5wy","reels",463,91,1,"2024-10-20T22:47:31.326Z"
"7s644neprdh69yz2sbxb26","static_image",145,10,43,"2024-03-08T10:03:03.889Z"
"6hgjfbaa7imuogqebgn4q","reels",79,68,37,"2024-09-28T09:32:25.131Z"
"vvp8023zrfo6p8zxi92rf","reels",194,51,16,"2024-02-08T06:15:41.489Z"
"t5e78ffx7rkw2db7qd7gs","carousel",60,73,42,"2024-08-21T22:54:45.867Z"
"zx6r71fm0f1nvp7385mao","static_image",94,93,38,"2024-04-16T23:22:04.556Z"
"bd9kemz05vrx112mn72qg8","static_image",104,1,41,"2024-08-20T04:11:59.036Z"
"jfkgk2ig36lsj3tiylscf","reels",420,43,43,"2024-05-06T13:35:40.665Z"
"qgbzp222mzkot4dklud31s","carousel",194,86,21,"2024-09-23T01:53:49.527Z"
"4d19pa991ridrjiavw1ak","carousel",334,49,8,"2024-05-09T10:19:13.140Z"
"58fyikcgtpced3thlz4uco","static_image",207,11,47,"2024-07-29T04:52:50.230Z"
"nh81gh0xf4ir4xxf1wz2p","carousel",253,45,14,"2024-07-21T04:34:55.372Z"
"ljuc4wu1mginwkgeycoqg","reels",211,7,26,"2024-07-13T22:37:37.913Z"
"5s55ha768zw8cxz0iu2imp","static_image",471,64,26,"2024-01-23T21:05:40.966Z"
"wsrs1ns9wrfkyidz9k3dl","reels",487,4,37,"2024-09-14T18:04:47.112Z"
"gvlu8zg8ogawdy2hdfjfk","reels",469,70,15,"2024-02-04T05:38:44.609Z"
"2k27mprp1j2t8yew6ygpj","static_image",68,44,27,"2024-01-10T17:59:19.013Z"
"1s4ctuuydgez5z7pf7959r","reels",457,89,11,"2024-03-30T10:01:06.034Z"
"l7rpxtukcegcmk8foht3ue","carousel",196,1,6,"2024-07-25T15:07:02.849Z"
"i06tifvu0aouwb1ofv0l","reels",313,37,16,"2024-07-23T20:19:11.533Z"
"t42n0imby13ufo0wndzjf","reels",14,9,41,"2024-10-20T20:49:53.975Z"
"1usfudsq5vsui88j5obvtd","carousel",311,73,0,"2024-04-29T15:17:42.255Z"
"avcrvjtdfiiqy4v76j0ftc","video",458,34,11,"2024-02-24T07:08:03.083Z"
"quwdha0ky99s4eok3a11s","static_image",30,20,35,"2024-07-22T07:32:38.447Z"
"waqrzjspagljtksfnks6m","carousel",388,19,7,"2024-11-16T14:54:55.416Z"
"xpuw59bdo3kqzfrw2am3nd","reels",47,21,46,"2024-03-27T18:09:46.959Z"
"mrk2gitv4ovv69cn3ght","static_image",308,66,45,"2024-05-16T12:39:39.248Z"
"mrj5r4u4bqq21lrz8ludkb","carousel",357,64,46,"2024-01-05T12:58:40.546Z"
"b4wu5px7isorgsj228he9b","reels",395,40,20,"2024-10-10T12:27:52.928Z"
"gpfs3uzotlkceu752x8tkv","carousel",237,25,48,"2024-09-13T20:47:16.134Z"
"v39rlbx4o8kn4tetdjyh","static_image",281,43,32,"2024-08-18T10:18:32.809Z"
"8egnkbbxrsbwat005olf5r","reels",181,84,30,"2024-09-16T17:20:05.249Z"
"xhmbfw8tqmg7iot5sh1o7a","static_image",155,24,15,"2024-09-16T10:11:39.000Z"
"zjwfvgt3koaqkrxjchdl8m","carousel",14,90,17,"2024-09-07T20:47:15.339Z"
"r8dea6zgejnenavn5gvz","reels",108,95,33,"2024-01-19T05:18:06.245Z"
"kcnue5zxeyafskhh6q5iu8","carousel",466,72,42,"2024-06-12T05:35:23.402Z"
"vpt5o4tm1vnck6ihyo18s","static_image",346,34,39,"2024-09-07T14:06:13.712Z"
"py5onpnjq7s5d9hc491nld","carousel",135,96,43,"2024-03-28T06:01:23.165Z"
"kefc895ne8g201ifndsgh1","reels",441,46,14,"2024-03-13T00:05:32.901Z"
"1lud8yuohe223v8xtn9h7m","carousel",116,36,44,"2024-08-26T09:47:12.349Z"
"v3roxel0kj8i2hgtrxkns9","carousel",16,8,31,"2024-01-06T16:53:03.664Z"
"ga97j4v4b7n2a2h8ktr4g2","video",398,9,4,"2024-02-07T21:49:52.987Z"
"0zei5lwrsf1ja6vmwz1mz","static_image",91,78,47,"2024-05-12T07:07:36.250Z"
"57epjmij9rm90fagwimxgn","reels",375,40,11,"2024-05-08T06:51:02.995Z"
"6p0nkai9jfg91j2h92ylbw","carousel",62,3,16,"2024-12-26T09:27:20.631Z"
"d3i1zy132o4r3eyo8wf0xh","reels",126,24,16,"2024-08-15T12:47:55.634Z"
"f5ps7thkk7gq54t56pxsho","reels",404,92,42,"2024-10-20T03:04:08.518Z"
"kqtf5j4goah1t9f9ei0kfn","video",484,6,47,"2024-02-07T11:04:48.874Z"
"7rjpzw8m6mmvbandz6x41a","carousel",332,56,12,"2024-07-01T12:29:31.458Z"
"r7xtpi34vkgudv4k9c1r9","carousel",342,1,50,"2024-03-15T21:42:35.687Z"
"tl8iwo8tzmoj15ssrpe15","reels",333,37,29,"2024-07-04T14:01:54.404Z"
"mwrvjetm5dt4or2y3zwyg","video",387,75,27,"2024-11-24T15:58:39.532Z"
"e9fnvrgb0e6xtlte5eeux","video",198,15,14,"2024-03-23T18:46:40.574Z"
"1aq0e20359z0jkt21wzt7hi","reels",323,28,21,"2024-08-10T14:20:59.365Z"
"4rq8e0odl522fasxwzby2b","video",443,44,38,"2024-03-18T08:54:18.725Z"
"jgy9wdltjckjnw8lc1xtae","video",213,85,10,"2024-05-19T02:40:59.077Z"
"qcdencccb4mgobpuiafg","static_image",115,1,30,"2024-03-19T22:50:04.809Z"
"65zddr8d3wt7y5gi6mqink","reels",311,32,23,"2024-09-29T07:06:47.775Z"
"kmc1ykr97x889xtq1frz3","video",35,63,37,"2024-03-02T22:13:05.660Z"
"bj4r5y8kkjf5kswh7vkqc","reels",39,72,15,"2024-02-07T15:00:10.037Z"
"d7iwp16x8yj0r5xk46bhg5s","carousel",463,100,27,"2024-05-30T09:47:01.219Z"
"hdydp2bx8u5jkaqx6lgme","static_image",118,44,8,"2024-09-13T08:44:38.877Z"
"5n4zh4z86o67td7tg1tfsh","reels",156,49,26,"2024-05-11T20:00:49.912Z"
"mcui49zjzejyzq1f5rudz","static_image",442,86,8,"2024-01-28T12:12:13.481Z"
"ftjsdz0or6uha4adz883b","static_image",287,68,3,"2024-06-17T09:32:49.998Z"
"weayx5xujxa9se1o0fzzmp","static_image",81,1,14,"2024-12-16T05:26:46.505Z"
"bwyaedi9dapm0ejxcy6wxh","video",360,80,31,"2024-03-12T20:23:13.321Z"
"02tpud4lklumbu383ua4l6h","static_image",282,62,21,"2024-11-05T02:40:42.706Z"
"g2qkpxo9z3u3oyn3qtlb71","video",112,13,49,"2024-08-21T22:56:33.136Z"
"9em66muh9dimbqyczxavx","video",187,9,25,"2024-07-15T11:09:46.156Z"
"zrl63i3cpsshu12a2e3xk","carousel",66,19,30,"2024-01-14T08:19:02.348Z"
"svgnoe2r67mn7wujvroh1","carousel",229,89,49,"2024-08-07T09:56:05.970Z"
"4prn7eqmuvc17orsr6jzee","static_image",28,92,2,"2024-10-20T11:11:49.560Z"
"9pgab3x9wgdyvjryks2f5","static_image",121,80,40,"2024-06-14T11:38:58.483Z"
"4f3ow5dni4ezkjpixlftt","video",220,99,42,"2024-12-03T15:06:40.915Z"
"60c3u8gnq6whff0lpungb","reels",281,71,27,"2024-04-22T20:46:04.086Z"
"4zr6bv0r8z37wc337htpr2","carousel",39,26,23,"2024-07-12T05:20:29.209Z"
"u93werpbi9nhcsd3p6vee","static_image",279,75,17,"2024-05-02T03:56:33.981Z"
"yu5dme8dqghuddjpjyrljm","video",198,36,41,"2024-10-05T16:11:02.840Z"
"gxmjsgogo7qwplp75sqg5i","reels",111,93,39,"2024-09-14T14:47:43.727Z"
"2t64d4hbztgkdhnlndz4uf","video",340,96,30,"2024-10-27T02:09:51.188Z"
"tiup4e5ubamml0mk2q52r","video",380,27,32,"2024-03-15T16:52:50.040Z"
"d2y5czs99t64fe255dhg9","video",418,66,22,"2024-12-17T18:30:13.756Z"
"sltd695vrfneesuqzv8f","carousel",266,19,25,"2024-12-06T03:40:22.423Z"
"9h0vpz7djqb4e1zddsm0cj","video",125,34,19,"2024-02-28T19:33:22.955Z"
"usgbkx02784o99io42upy","reels",211,67,49,"2024-12-09T02:32:13.651Z"
"2xd8tu2jw3dnt29uwsjgfq","reels",400,32,46,"2024-02-22T15:03:57.066Z"
"er1ydtehkbbsbc6wbot3qk","video",348,24,21,"2024-05-13T16:49:42.636Z"
"57lx8zvekt7i88k1ac5pb9","reels",439,41,43,"2024-09-13T04:26:56.030Z"
"afh2gwkyk86gqzsq4r7xge","carousel",18,51,29,"2024-08-08T07:25:04.917Z"
"926tnqkxncrhj1cxmiv8qd","carousel",421,91,49,"2024-02-17T14:49:04.182Z"
"il18t8930sj2aqxp2gagzd","carousel",133,36,2,"2024-03-06T22:21:13.839Z"
"rko7lglg0jg7scayhsldu3","reels",178,5,40,"2024-12-19T23:13:14.536Z"
"73taqk4ic5h3xo8nu98n1i","carousel",152,94,45,"2024-11-16T22:48:50.161Z"
"p6blaxeqrpd17qk7mc6mol","video",446,96,44,"2024-06-26T11:18:39.203Z"
"7ok25y3v5jkj5gu61peuwj","reels",441,54,24,"2024-09-05T04:51:52.147Z"
"4caqf9vpoqzivq3ex6ta9o","video",324,65,6,"2024-01-14T22:26:19.771Z"
"eblj4hvldffvytrpgtf5u9","carousel",450,33,18,"2024-09-16T15:38:52.256Z"
"vsdye73raesbtpmqyct0m","reels",257,88,46,"2024-04-23T23:01:06.397Z"
"fb3sq29n1idqc9vn0dqbro","reels",94,79,25,"2024-11-15T12:36:51.349Z"
"ie0m29l6j1mvzr73pgmq9d","carousel",97,12,27,"2024-03-15T23:42:01.279Z"
"mzu8hz85mwg4m1o1vmldaa","reels",406,31,48,"2024-06-28T22:40:09.204Z"
"2m99hyu1i82cldxddzngjo","reels",87,94,46,"2024-12-22T17:41:48.193Z"
"yn51d0xr36k5xkstk0hit","carousel",239,66,18,"2024-10-29T13:53:13.041Z"
"l6qkxulhj4nns89fh0abp","static_image",440,5,44,"2024-12-06T17:31:38.219Z"
"6w6imcj0l05s76u5bxh2d","carousel",163,36,10,"2024-07-15T15:00:38.956Z"
"vaxfc8g8addx93ns7a7lf8","reels",306,67,49,"2024-09-14T17:22:45.678Z"
"yp5e669wly7u583wv0pbu","carousel",18,65,46,"2024-07-08T11:37:38.191Z"
"stf6yhh5sxpefxn8gtt2k","video",32,42,2,"2024-09-03T14:34:01.347Z"
"vmlv6ohl6qaa9r1ck14k7","reels",78,54,40,"2024-09-05T16:58:49.414Z"
"qq7m9kkxe8p80xckdmzz6r","static_image",215,53,23,"2024-12-09T06:55:37.546Z"
"ku6hrfl6g6cohyc55ocbu","static_image",488,79,4,"2024-09-08T22:51:37.931Z"
"y39ldylnkwjgen67oxq8a","static_image",50,94,46,"2024-08-19T07:20:16.746Z"
"lhhfzl36isidardvjka5k","static_image",325,7,13,"2024-06-27T05:21:14.198Z"
"1i8ab63x8ugchr0ufnugmv","reels",438,51,42,"2024-12-02T23:44:40.711Z"
"vxnwgwwg2lwjvtrgp3x7j","carousel",55,35,25,"2024-02-03T21:15:22.884Z"
"4pxj63wdt42k4qj16uigeg","static_image",71,32,0,"2024-11-18T15:50:44.693Z"
"dron998qycqv8v4bjqr6oi","static_image",385,74,30,"2024-04-13T07:30:40.718Z"
"28qpeaex3e4wjejt86ynd","video",252,5,13,"2024-03-21T10:56:15.266Z"
"3prvfebkqm9ndz08rtmwel","reels",455,79,41,"2024-04-25T07:53:57.489Z"
"cmlp2pq37g95pgf63v08wn","reels",485,98,17,"2024-05-13T18:38:53.938Z"
"el9yaoojyaotzfzn28eoe","carousel",237,50,26,"2024-12-23T18:46:09.815Z"
"axjahhu87zkr69m1w331dp","static_image",21,13,31,"2024-11-23T21:24:37.531Z"
"126migdglr4kd9rwbpsrn3e","video",475,76,7,"2024-03-18T10:25:18.395Z"
"yk0izlgxgjasqd4qp99jq","carousel",363,88,5,"2024-08-02T16:50:58.247Z"
"07106mo0pk6cn7n8rw2z67","reels",456,60,16,"2024-09-27T02:29:03.136Z"
"mr2lx35c8iin5gamoy2tu","video",121,42,49,"2024-06-19T07:50:31.909Z"
"k64tf5lo47hzi0dgihx2k","static_image",69,52,5,"2024-08-01T14:40:37.727Z"
"r7h6e250pfiu2n4ed9tsg","video",288,98,46,"2024-11-15T06:18:53.586Z"
"bxhih7960ygmfr7c3oclkq","reels",10,53,22,"2024-11-13T06:13:17.308Z"
"dk4hnz6hjji3t58sttmv5v","video",213,27,11,"2024-05-01T07:14:32.850Z"
"qtakd5sw3xh6eohxxqisa","static_image",340,2,8,"2024-11-10T00:26:39.545Z"
"43vlcd3xix5gn71edqf26p","video",441,17,29,"2024-03-22T23:05:23.667Z"
"havefr4k119l1ck07pj6e","reels",284,92,2,"2024-10-15T00:36:05.913Z"
"8k7tqa5b0cszgh5gv86z0q","video",265,95,45,"2024-04-22T21:10:37.666Z"
"ubvmbr8c7pmayer36jzelf","video",99,86,24,"2024-05-25T17:06:53.214Z"
"lvgfjt8klgonjkhdui8axh","video",285,38,16,"2024-02-18T15:33:11.575Z"
"uaoc003f80fz4578w019r","static_image",386,75,7,"2024-07-21T15:33:41.911Z"
"qw9859r2tif7bmeclpu4ju","reels",181,69,16,"2024-08-01T08:38:26.966Z"
"95cyj9bk9ilofoz61f19ag","reels",299,37,28,"2024-12-01T22:15:13.337Z"
"b41w79rzzrpntdc96kpupj","video",417,65,28,"2024-03-24T17:35:40.883Z"
"g9h067dpp3ewwhqc0qs1t","video",455,42,50,"2024-01-30T12:51:45.517Z"
"7hz7lr3484nc02mnw234pq","video",485,95,23,"2024-04-27T13:28:46.775Z"
"37btezjxs6mx2w0owuco2d","carousel",71,81,43,"2024-07-27T02:33:23.377Z"
"c4zozf80ljcub6p1kqeap","static_image",443,81,2,"2024-04-21T20:08:55.456Z"
"ii48u0wzyipieskb5zoda","reels",209,85,38,"2024-05-14T05:40:48.804Z"
"uz7hkylqvumhbye1sj7155","reels",49,36,13,"2024-07-28T15:39:38.507Z"
"v4z2rqs24f64fwy7j8pc","carousel",297,41,27,"2024-05-04T00:52:31.226Z"
"e5xcpve39pu56ds23d45lt","video",48,65,44,"2024-02-06T18:59:55.886Z"
"6n65zhnk42bva5g4vh1l","video",404,65,25,"2024-05-08T03:25:34.125Z"
"jfin61j9quq16sed25e9i","video",226,64,21,"2024-06-23T19:09:04.590Z"
"crdv5o6ph4nnt0rua3zd9b","reels",325,98,10,"2024-09-07T06:40:39.815Z"
"101hluangoubq76saqt2f0a","static_image",68,1,47,"2024-03-29T17:32:22.254Z"
"3xaga8u1zwq0d662ynrdvub","video",405,73,35,"2024-11-15T20:36:48.871Z"
"p2u8ocn1vlhja3pdarudq","static_image",337,67,29,"2024-02-19T09:19:56.755Z"
"2li8eml9vpzm45ew3uo48n","static_image",308,87,41,"2024-08-13T08:54:16.207Z"
"v75s2glrjdrrb8ex8tiaa9","carousel",152,95,50,"2024-02-24T18:27:20.563Z"
"9b547iz3g1r5t7e9gfygwt","static_image",23,88,14,"2024-02-22T07:50:15.633Z"
"mmg1uvbne7js8lif1x6iq","video",76,18,14,"2024-06-05T09:06:06.115Z"
"jfyzal9ppqy1qbwhguas","carousel",420,85,34,"2024-02-22T15:45:35.696Z"
"btfx1vu96svzjzjpazli7","static_image",389,52,26,"2024-08-01T16:21:22.519Z"
"pde1ut8714107fcr3l7w3c","reels",93,71,26,"2024-09-03T22:10:59.302Z"
"pcf3894asre6lbjqj8at68","reels",101,34,44,"2024-12-03T23:50:49.867Z"
"pwfcw80gc7e5yd9bajvxw","video",198,1,22,"2024-06-23T06:27:59.880Z"
"fdrsy0l6vpoxkb67ujgvq","carousel",254,48,23,"2024-06-23T10:48:38.128Z"
"98rev6q3r0vpjiv05foi0h","static_image",32,69,10,"2024-01-06T07:09:19.766Z"
"qkbjdxzwl7r1gk8dnqsz","video",265,52,11,"2024-04-02T20:07:36.946Z"
"uuelvkbunc149on1fv8q5e","carousel",25,23,38,"2024-08-30T00:48:47.686Z"
"peavmv9465u59aiecttvl","carousel",368,51,7,"2024-03-16T23:47:15.184Z"
"mcqfly5dhdlo5h6qtm1ggg","carousel",447,89,43,"2024-12-15T12:59:56.262Z"
"59uubvvpyx6jsahui88ewq","reels",473,75,7,"2024-05-24T06:46:23.445Z"
"27h1gkewpew5tzjsrg7s95","carousel",464,78,45,"2024-02-27T10:13:29.868Z"
"ias6f0kkxmc3cejkvai1f","reels",429,46,14,"2024-07-20T00:44:38.343Z"
"0zb768sona9htwedh109sk","carousel",33,9,32,"2024-09-24T18:35:04.386Z"
"b0i5n86r5qj8nufzosjmiq","video",134,65,7,"2024-07-18T16:38:05.988Z"
"qwpklwyvwx2i2nw3w8tag","reels",458,73,19,"2024-06-08T04:13:25.514Z"
"p073zr29gdouyqn1swr61","carousel",42,32,2,"2024-09-22T02:33:08.008Z"
"z9f47cwe2ai3qumku4kg","video",445,95,36,"2024-01-08T01:39:11.197Z"
"9577sq9vizl93ujfd3cpxg","static_image",14,77,5,"2024-04-25T16:36:42.348Z"
"9d6uw6tvrzxyo4epzmlie","video",483,42,7,"2024-04-02T09:37:19.126Z"
"a1g1pg96eqj2fw418nkq1r","carousel",470,13,0,"2024-03-08T05:59:52.075Z"
"2tgxyviyjuqorgoe3hvd","reels",350,66,4,"2024-12-04T14:51:43.234Z"
"ex4en9qty2vxwjckyp806p","video",441,89,22,"2024-09-08T16:56:04.499Z"
"yfqvt0x9boa0znaj3q9rt","reels",145,18,8,"2024-01-18T18:44:01.565Z"
"2bbcfdpqiwszcgeyknznj8","reels",62,48,41,"2024-03-21T09:33:34.811Z"
"rkg243cja1rnzm11aoum8m","video",225,59,46,"2024-11-26T00:18:12.617Z"
"dxxed8ujv5rsbnoq464e8","carousel",201,66,27,"2024-08-04T02:13:04.511Z"
"0caolioe36aipxngkz4afhp","video",114,88,5,"2024-07-29T17:58:37.417Z"
"mhm7uwvclyov92xq94iw1p","reels",483,35,5,"2024-07-07T10:37:40.594Z"
"3kiqk8ie5nmbmkuldfbtn","carousel",263,40,32,"2024-02-11T05:18:31.082Z"
"umacbjs50uwnmkhabon89","video",481,47,46,"2024-04-04T22:11:19.190Z"
"pzdlokatvyycj5315tbi8","video",255,53,27,"2024-11-26T09:34:00.466Z"
"5ylocglnp480iexodgnuk2v","carousel",499,8,37,"2024-06-25T01:26:15.611Z"
"w07u22mrm0a7nnngx8rkm3","video",51,3,10,"2024-05-20T16:22:01.768Z"
"zbaat823vqtyix13f6opre","reels",256,83,41,"2024-11-07T12:49:58.203Z"
"b937sah7ibigc76l2i0t3n","carousel",391,53,34,"2024-07-11T01:18:38.428Z"
"iz1ncwyplsqvtu90qb2c","static_image",108,74,32,"2024-02-12T16:58:00.709Z"
"s8ollvqf3n412elsa0z8n","static_image",227,19,5,"2024-08-23T00:24:25.465Z"
"10p1dtyt6wzltkbxjfajw","carousel",14,4,39,"2024-05-13T09:04:56.474Z"
"u8qi3jhuios8thltot0pb","carousel",33,71,26,"2024-12-30T16:40:26.387Z"
"t6238piijzj7fdf9d3pzo","reels",173,66,45,"2024-11-09T02:11:17.361Z"
"rj1j8acxei071n4btsgnve","video",49,79,20,"2024-10-08T23:20:09.933Z"
"u0y75d18grnsb9fvmnrg","video",449,98,38,"2024-04-27T06:10:46.706Z"
"bubhps33yu88nj1eyf0uln","static_image",85,92,36,"2024-09-01T07:12:48.916Z"
"wfg3hgjkk4hm374izu4m2h","reels",419,100,8,"2024-09-20T11:14:20.491Z"
"cqjd0frkvdlgnm6ebds5gc","reels",143,15,40,"2024-08-22T03:42:40.410Z"
"rp21d105zsbcmgc8byb6u","static_image",404,12,46,"2024-11-27T07:11:32.732Z"
"gyttcyixyyfieq55c2kifb","reels",134,11,40,"2024-07-07T00:55:17.736Z"
"bjrd5drv8xaw7rj3p84ogr","static_image",106,3,7,"2024-12-15T04:47:25.853Z"
"le0j7p6evtmrov8hjdddz","carousel",273,41,46,"2024-12-29T17:10:55.961Z"
"49uxpi9lrqrzapzgw2tf9","static_image",140,77,37,"2024-12-19T16:15:04.904Z"
"2jh76tfjnfczo45uj9qgrj","static_image",114,22,19,"2024-11-03T20:05:05.211Z"
"r59wsx5tdwhs65h6tpsrns","reels",70,94,34,"2024-11-01T04:56:29.741Z"
"td9i63tvsnjstnbikh88ni","carousel",452,74,11,"2024-11-16T06:07:38.378Z"
"j7qxf9kozreuuu3un63s9","static_image",17,29,40,"2024-03-08T03:45:49.920Z"
"v79w61qiasqr0wbr0364a9","video",404,27,43,"2024-02-15T07:08:38.900Z"
"7cm2zh03we2842j64z2nk","video",86,6,11,"2024-05-05T13:07:13.922Z"
"g54cgewtsu47v5qbexdjqh","video",500,59,6,"2024-12-04T13:48:42.344Z"
"ygt7s277rabgz3pw6ti8a","reels",272,18,46,"2024-03-01T02:40:44.806Z"
"ebftd5tf6wu9opyxz34ctw","carousel",425,68,7,"2024-01-30T03:53:57.334Z"
"0nojuuprl2ubdgqxfco8ib","carousel",84,55,20,"2024-06-16T11:00:53.158Z"
"020qkhrbj4cqqau8s2l9tfr","video",121,13,26,"2024-08-23T05:24:57.575Z"
"6ahva9r9p1qgbmvcymvjvi","carousel",86,22,6,"2024-08-25T02:48:12.734Z"
"le4dxonf3j9pr3qlfges6","carousel",338,19,49,"2024-07-11T05:56:38.009Z"
"kir1u6io6jjb0m1s4z0ni","reels",297,55,4,"2024-08-23T11:57:57.742Z"
"mcljxpl17ogfmocy0d26it","carousel",165,84,4,"2024-01-25T14:44:29.985Z"
"dmm5mknbiez3ek27kyl6","static_image",363,4,25,"2024-11-03T15:38:44.814Z"
"yzvej07pqbrkoblstrq9","reels",152,22,19,"2024-04-13T18:18:36.315Z"
"92gy3aee6qls5wcvzarug","static_image",432,24,23,"2024-10-24T21:42:58.240Z"
"dylb0sbxbj0o2xj5vfrl1","static_image",243,35,12,"2024-10-04T18:08:43.651Z"
"pw86x29wrrkyzd6ybgvbce","video",355,76,36,"2024-05-25T22:19:02.321Z"
"t130n5muy3aum0tjq6aen","static_image",290,46,22,"2024-02-14T12:25:19.126Z"
"8w98e2yryy7xomuwio1okh","static_image",366,46,2,"2024-07-08T11:16:47.313Z"
"viuqj7wv8af59toiyfcuh7","reels",380,70,21,"2024-10-15T05:56:30.958Z"
"ww93wv1emgnoh9noqdntw","static_image",481,93,2,"2024-11-24T16:34:32.643Z"
"nokzos0o3r0ttbmyrjs2c","video",375,74,48,"2024-05-07T11:30:25.946Z"
"fxthjav8r9k6atod3ebmye","video",178,8,13,"2024-12-31T07:03:41.387Z"
"7pe56k62stwaky7jr2ewi","reels",236,37,14,"2024-07-07T18:39:37.189Z"
"pa2ekdbbi2kctjrqqamz3","video",29,47,36,"2024-06-11T23:27:08.029Z"
"fpy0scuieimqbu8t9qhevh","video",213,27,43,"2024-07-18T00:54:40.546Z"
"0c5rn294v588rz67qd7uw3","carousel",34,68,33,"2024-07-19T17:56:56.032Z"
"aoc42qwoqw4pqxltgxoia9","reels",454,35,36,"2024-09-07T14:10:11.645Z"
"9d68x87nyvmsaipmmtlcmo","static_image",377,97,41,"2024-07-25T15:09:41.312Z"
"uxzlgyhuyenogcp19xy5hq","video",477,22,43,"2024-06-25T04:40:11.664Z"
"05wntbfz436qbf6ttndfi","reels",252,68,22,"2024-11-28T03:40:24.394Z"
"3sh87cxq6tecwbe18mvnb7","static_image",94,23,38,"2024-11-22T21:12:24.081Z"
"gra73rbd0n96oz6e18ej0e","video",294,82,44,"2024-10-09T11:02:25.569Z"
"v0p23nokti0fwq2r0ciyaq","reels",65,48,11,"2024-12-27T11:05:56.631Z"
"nwh124x0m7hywg12aw01s","carousel",242,94,5,"2024-01-06T22:14:19.608Z"
"x8uxod6z9hmbyyfvz82qav","video",246,62,17,"2024-04-16T14:48:12.996Z"
"64hvjw19n29xwp88y1m4lh","reels",492,39,4,"2024-10-04T18:46:33.204Z"
"tpf9t87yaxb6fsj1kpp34","video",60,33,5,"2024-07-22T14:45:04.143Z"
"9hp31b2agmbqeiywjljb7n","carousel",278,53,17,"2024-05-26T06:40:22.884Z"
"hcarettftxo1pxtovhl","reels",436,11,47,"2024-07-21T02:35:50.885Z"
"9w344ps58vqn6ofcyadx","reels",118,18,20,"2024-09-27T07:01:56.570Z"
"i1f3y7b8ek8hsdei6f90uq","carousel",467,97,44,"2024-12-25T02:15:12.115Z"
"yn80nw36t3k090b7zhh5r","carousel",302,86,32,"2024-05-24T01:55:15.262Z"
"eo67ryuh9sdijhcdsvbets","carousel",158,24,46,"2024-10-27T10:19:18.056Z"
"76gg0251zwrcv4tiq1q5e8","carousel",109,70,3,"2024-04-13T00:12:40.595Z"
"33xsaqr4lhvqwh8n1wcj68","static_image",95,50,19,"2024-01-06T16:55:28.981Z"
"0i1lnlcqkhlrcu5d08he11k","carousel",114,16,50,"2024-07-21T06:56:26.947Z"
"dc1j4gz3iadleldnnv83qr","static_image",369,72,36,"2024-03-09T07:22:19.517Z"
"lh92oqppiohhak0i0nt0e","carousel",134,6,42,"2024-07-07T11:48:53.907Z"
"l6xw5yrj1kbsh3a6fij4d","static_image",102,68,25,"2024-06-14T20:01:28.054Z"
"8ztowjo3rc2lm272vmwmx","reels",18,95,6,"2024-03-19T20:12:38.793Z"
"grix9nquv0d6lfsr7a035j","carousel",169,70,13,"2024-09-16T12:58:02.928Z"
"newsknzjqkkjrr1m4v7mq","video",155,47,10,"2024-12-20T09:14:51.239Z"
"ux9kb82jbc8r1yyv7i5wi","static_image",193,6,49,"2024-08-20T23:10:17.873Z"
"0ev8ssto902wa0ymex1irr","reels",110,36,25,"2024-05-15T14:35:42.255Z"
"ioab64h8vnmca3w9cyulk","video",491,57,8,"2024-03-30T11:01:49.907Z"
"qs5invlecscwmiix3k794","static_image",254,99,18,"2024-04-11T18:33:52.992Z"
"e7i5z395ghc72o1vacm3u5","static_image",299,15,38,"2024-03-30T22:00:54.367Z"
"2j277z9yqc18a98dyfcpia","reels",312,37,10,"2024-03-18T07:28:47.567Z"
"081nd0exepls7fe01ufm9yw","video",419,78,6,"2024-10-21T18:34:01.767Z"
"51hxgo1nkea2j24pb92rfm","static_image",114,6,8,"2024-12-17T06:50:02.827Z"
"3qc7q0dsnt2hfmnqo8h74i","carousel",328,88,24,"2024-12-22T17:12:52.099Z"
"ixya8baa8u4ca6x2l5gyh","reels",191,28,26,"2024-02-09T12:13:46.326Z"
"ujtiahz926k0gfwl0mr0qif","video",419,13,28,"2024-05-11T20:17:44.537Z"
"gzz6a3wuzhekedge7kkror","static_image",357,21,13,"2024-03-18T17:00:35.097Z"
"jbu0iofy1tiwwv40m5lot","reels",22,16,27,"2024-07-22T22:10:47.783Z"
"6y68iyzy499crbbz1vmudm","reels",152,4,39,"2024-01-19T02:05:11.250Z"
"lh6cfv2im0n5xwl0kv233d","carousel",186,34,35,"2024-02-04T15:36:25.678Z"
"nxxzc7fbmsr629lkawrth","carousel",173,65,40,"2024-10-28T17:05:32.918Z"
"ynkgsg5ggp94280ncve3r","carousel",124,63,49,"2024-10-23T12:53:37.977Z"
"bfzpwi3lq5ajj0b82zdt4","static_image",137,85,19,"2024-07-06T21:18:58.370Z"
"aggg7max9jlcv052tt1r9","carousel",282,86,9,"2024-03-12T15:56:29.094Z"
"c680twmv2x4e5o0eacvbz4","reels",345,21,31,"2024-10-04T04:54:34.016Z"
"5y62jsgicf6j38lubhd2r","video",238,8,6,"2024-02-15T11:26:32.113Z"
"76dc2t98dkuiz2e6w7edfk","reels",331,18,10,"2024-11-08T05:23:54.614Z"
"lf38f0eso5o5aj94466pk","carousel",153,52,49,"2024-06-15T04:57:30.158Z"
"li1eneyqh2ejnrrbjq4af","static_image",17,27,15,"2024-01-19T07:55:35.731Z"
"t67l8a60glgkd59fwhen","static_image",452,91,18,"2024-03-30T17:25:05.024Z"
"kwmpqe145dqpa3i4whj2b","static_image",337,72,11,"2024-07-26T17:32:47.509Z"
"rdyuwk7chodkcpog7r65","reels",130,1,8,"2024-07-19T22:55:18.723Z"
"4fbz8yvcl5tx1m26u6j06r","video",439,20,29,"2024-06-07T08:22:05.051Z"
"7bui8eecvjkz9lzycirb6j","video",499,62,41,"2024-11-19T09:30:58.075Z"
"wprmy1wueylow6lx5xaqbk","reels",15,50,50,"2024-04-27T10:26:38.416Z"
"vc2vfp6g83ej99yzkg9nrb","static_image",274,84,26,"2024-09-30T12:52:12.149Z"
"jr9jtch5muuc405dv2j2","static_image",406,59,24,"2024-11-07T20:09:40.875Z"
"krkhieu9k3bri79pixsgh","video",469,81,45,"2024-10-06T09:34:24.541Z"
"4lb8n7vjlz8hz2hrfzkx5e","video",347,45,26,"2024-11-30T08:43:42.495Z"
"imkwsk5edqveusjkowj9","video",384,44,32,"2024-03-13T01:08:18.764Z"
"pu9fmcyz3bqf9ub3p0v3j9","video",145,75,46,"2024-06-11T00:03:42.406Z"
"5xyzbdtl6ghw2gknmk2gr","static_image",376,3,25,"2024-02-12T16:20:58.797Z"
"b6iz5cv66ubdpllqykd4p9","video",116,93,35,"2024-12-08T09:49:29.480Z"
"h7xpeq03ndtma5wcqgnp7r","video",256,27,4,"2024-07-02T21:34:50.927Z"
"zixa5tuzdqefbb8ut6ecyb","static_image",157,57,36,"2024-12-23T10:47:43.113Z"
"hj71vkcsyvtmahquipgt7j","video",452,35,0,"2024-09-03T07:10:46.987Z"
"380nszuqpawdmnikud92gj","video",453,26,49,"2024-11-17T06:04:57.695Z"
"rgm1v12eys3nczf1ceite","carousel",409,30,31,"2024-06-26T21:12:23.992Z"
"hh1r0o5x368p8fd0hv5j8e","reels",45,12,28,"2024-01-13T22:26:33.815Z"
"u2zwx5yrzr2eiu84ynv5w","video",399,34,38,"2024-02-08T09:06:37.924Z"
"ttb4hwc7prrs4kpxtxzs9","video",30,66,3,"2024-06-08T17:29:50.579Z"
"eh25gveg7c4t4r0xzygsrc","video",182,28,42,"2024-12-03T11:48:45.293Z"
"5jo5onuh0j29x2gugbdapo","reels",314,2,28,"2024-03-22T15:20:24.709Z"
"1hgoa8r5nxr90zixuqsi6o","reels",399,66,10,"2024-12-20T07:00:30.565Z"
"9sthmjyznazcujey1r5ge","carousel",138,12,28,"2024-02-21T23:48:10.819Z"
"m2cv6a7jlib9ulg9puk6gn","static_image",94,88,0,"2024-02-23T10:54:19.245Z"
"to3q2i42qpuwl8qmn5jy","static_image",329,44,37,"2024-09-10T02:02:54.126Z"
"amp6vla1axvj35e3rculk","reels",78,38,47,"2024-08-26T09:49:27.848Z"
"rbois56pa4nroc9i8vti","static_image",309,30,37,"2024-12-30T00:11:02.272Z"
"gue8mjnj0aghrvoisk3w7o","reels",427,22,19,"2024-01-09T09:21:37.341Z"
"il5twrqpkqna8xj185b286","reels",279,45,7,"2024-09-15T13:51:39.702Z"
"102ruj6380pqigbyi13nx","carousel",471,50,9,"2024-07-07T08:08:31.626Z"
"s1gj1ect6wn05voncxhmn8c","reels",37,32,21,"2024-09-18T22:46:10.572Z"
"zghswwjcaf9xsok05sjnd","reels",419,68,24,"2024-08-14T04:37:25.871Z"
"kyvq4e6eplekxm8i8vdx7o","carousel",319,22,43,"2024-06-04T02:02:39.233Z"
"7ear5ttpr1y362qelc08k9","carousel",404,85,20,"2024-10-10T13:30:11.277Z"
"ll1j9lyn4n2cg1hvoeud2","static_image",234,67,20,"2024-02-08T15:57:17.709Z"
"tn0asykqelqrzaywq145g","video",355,3,49,"2024-08-12T23:41:03.466Z"
"niun0nk1jxtr2psx5yyo","static_image",53,19,5,"2024-07-14T11:03:18.851Z"
"l0r5rz6lzcqdfolvhcvwkh","video",86,95,0,"2024-05-02T11:06:07.125Z"
"8psurx598jfte5sorv55a","video",13,13,40,"2024-08-03T22:24:39.986Z"
"q6ldso13fsgqxzt65drx5","video",12,64,29,"2024-07-06T16:24:58.062Z"
"t8dt2ha5lnjh68mxxibunj","video",249,59,50,"2024-11-10T12:06:06.433Z"
"7rdyehki75xtx4xxd80sik","carousel",346,35,22,"2024-01-26T23:17:55.918Z"
"4ytrnal3v6whd67oti1kuc","carousel",219,56,50,"2024-03-31T00:16:39.348Z"
"hkkme81nahqqg03kf6vusc","carousel",30,48,10,"2024-08-20T21:08:19.336Z"
"2vr1cw2ghz3jlitqcfcm0i","carousel",14,23,17,"2024-10-26T13:41:56.892Z"
"ilk3prgpwamkaxfrtqr2ir","reels",367,55,18,"2024-05-12T05:50:16.798Z"
"ly8s1grr5cvtkmqud597n","carousel",208,91,8,"2024-08-05T11:02:50.261Z"
"ekpaccugeoc114wvixv8lr","static_image",176,15,45,"2024-04-28T20:09:48.799Z"
"8oowks5oiap2n0cz7i94t9","video",400,66,40,"2024-04-18T00:19:22.820Z"
"43ey04oohmvh1tbv70vy4","static_image",49,28,14,"2024-01-21T05:13:51.049Z"
"3crcdotru65ed067v1w5kd","video",89,50,26,"2024-01-16T11:33:47.893Z"
"qou1isj1sephwo338f6u9n","carousel",448,3,2,"2024-04-29T01:46:22.185Z"
"sj6rsc2kyib055o9c3cxgxj","reels",419,83,39,"2024-06-06T09:27:53.339Z"
"3em2d7ed07oyvrew4ehm6q","static_image",249,12,44,"2024-04-07T02:04:00.175Z"
"9m31nutyhqvai1b1nm90bi","carousel",128,96,36,"2024-12-01T07:58:50.425Z"
"1yxocmvu88lh489id3eftq7","carousel",497,43,42,"2024-06-11T20:53:20.079Z"
"qlnwnwhlryc7w3ogzuiluv","reels",492,42,16,"2024-07-19T11:58:57.132Z"
"9xd7hrfchwmg2optyvj3ra","carousel",463,38,15,"2024-02-17T06:48:40.689Z"
"kv4jhveb3rz4jq452gn5f","reels",85,56,13,"2024-09-07T12:09:19.064Z"
"l7jkse4el9mbaqf0ksejip","reels",353,20,10,"2024-08-07T00:12:04.673Z"
"72x65egnunlobs6yn4wmds","static_image",463,26,18,"2024-08-04T20:50:23.865Z"
"a8e0zip5z9s87p8m2cqkuu","static_image",474,26,28,"2024-04-10T16:28:07.368Z"
"v48x46xcdd8abqzz8te3c","static_image",459,63,31,"2024-08-01T12:08:22.041Z"
"cv61ig2hoy9ykcjy1k5p2o","carousel",303,73,32,"2024-05-05T14:32:40.230Z"
"d88991ndm4ny0mv2tz7zdr","video",34,3,37,"2024-06-25T15:23:45.251Z"
"wvwgko64y5mkmiacg7b1yh","reels",427,66,31,"2024-10-01T22:03:30.793Z"
"7jfbyspgbntowlgmk42kq","reels",448,30,35,"2024-02-05T04:36:18.714Z"
"dv4gc7dcgr86n672q24123","static_image",315,55,17,"2024-12-28T13:05:32.995Z"
"e34o1pbjexg179f2jboh","video",480,71,47,"2024-11-01T22:01:01.718Z"
"kwf3gw7kc4am8ugzrugvi","video",336,82,39,"2024-08-11T22:37:12.974Z"
"oqrvghkqob6su030iqkgo","static_image",496,42,32,"2024-04-27T14:50:00.161Z"
"wt1xsw43frrtlxs1ju1n","static_image",69,28,40,"2024-10-18T09:30:49.775Z"
"8xcirr0au3gqqv5iz53ab","video",427,52,46,"2024-06-24T00:52:08.400Z"
"4ugpk2v5bjp0vrlb1r88i","video",136,84,14,"2024-02-21T17:45:13.527Z"
"6txrysb1xcw4ntnr3b57vk","static_image",435,22,9,"2024-07-02T04:26:29.739Z"
"nian1p4r2fc1rdtezwrruy","video",183,86,23,"2024-09-01T07:39:38.844Z"
"efkem10w7hmj7u6qhyblx","reels",247,60,32,"2024-05-15T11:28:13.145Z"
"shi5uknvi2n22hkrqpku","video",388,28,26,"2024-05-07T22:39:53.850Z"
"qwpyv9c21gaw71n92ea0pk","carousel",325,100,23,"2024-04-18T19:44:07.560Z"
"cn4kchyj31py0crg8fnxwh","carousel",470,39,19,"2024-05-31T16:36:45.610Z"
"lb3qtm4m27hmdylr8ouj4","reels",332,46,42,"2024-12-25T18:56:46.672Z"
"s7wvkgmivahntl26q9ig7","carousel",96,67,0,"2024-03-22T16:51:41.977Z"
"z6wb80fxfd638jn95a9cx","video",429,26,29,"2024-08-14T10:41:42.479Z"
"s5k73q8n9gag18vuvfz1h","static_image",66,68,16,"2024-12-23T04:53:26.457Z"
"mthzteehhmmq7z8ez3rjq","reels",288,21,21,"2024-12-24T00:01:28.457Z"
"eohrwra7r8eli9530jx6k","carousel",163,85,9,"2024-07-31T23:33:10.071Z"
"i77pru13z1y0k7r52z50d","static_image",52,19,19,"2024-10-10T01:50:43.891Z"
"fknp34ec2n8s60nfg9ekw","video",414,56,9,"2024-12-20T17:31:29.148Z"
"c0miowu7ffzs7vwe40ooa","carousel",299,18,1,"2024-12-13T18:51:59.542Z"
"mhnye4ynwor4ovkpn5p1si","carousel",160,2,15,"2024-07-17T22:36:07.147Z"
"fdvtcymlu84wiuh2939gia","video",213,96,45,"2024-12-07T10:14:41.086Z"
"fk1fi9aj88asz72xhvnnyr","static_image",24,39,6,"2024-01-20T06:32:57.060Z"
"ggatnhxsdkr0zjbuf8mee3j","static_image",60,64,13,"2024-01-28T05:26:13.985Z"
"qgu76cqe3cqxi7jeitx2lk","video",424,37,0,"2024-08-02T19:25:52.326Z"
"ac0bqtzrqvmx6o8qbyygn","video",463,63,11,"2024-10-09T09:16:01.409Z"
"lznfuse2f66muqtz9zg8k","static_image",239,23,8,"2024-01-09T02:33:13.500Z"
"m0x7z7ar8tnfhra2zz881b","static_image",434,12,39,"2024-02-19T18:36:09.296Z"
"hsr9xno3ssl85ozs3b732t","carousel",404,66,22,"2024-06-29T00:45:36.837Z"
"ttdt5y0buzjk5kitf820hk","reels",116,69,17,"2024-05-24T10:23:18.701Z"
"wyiuje3dlb1e0ieo22p4k","reels",124,12,42,"2024-09-10T16:58:31.028Z"
"jtrnx7y5q3ihon18uemkq","reels",327,77,35,"2024-02-26T10:15:30.569Z"
"uu78h01gv3izn8sscq2qj","video",74,21,25,"2024-02-20T10:06:33.116Z"
"dtlk3rmgoce2t6nbq21g6","static_image",116,24,39,"2024-03-29T22:25:57.728Z"
"do1852i9dnsot5cbp7sb3","video",453,10,17,"2024-01-23T23:36:17.197Z"
"c2dl5ivmizlwpqcx1h9","static_image",32,94,24,"2024-08-17T03:52:33.045Z"
"65p1f52ab562na608p6uax","video",382,16,28,"2024-02-05T21:01:22.894Z"
"4okzytujcebe2wkf648nfq","video",42,6,44,"2024-08-13T02:21:38.475Z"
"bs11turn9k8ypz5rrke77","reels",208,84,34,"2024-10-10T23:38:56.839Z"
"xhulj3f477jnt7y4iqt3tl","carousel",169,5,4,"2024-10-09T16:53:07.675Z"
"qdev2dol8hpnwmmkkufou","carousel",149,39,38,"2024-10-22T01:04:08.733Z"
"dc4428by54hqwj8da4bx7","carousel",471,78,3,"2024-03-08T17:31:24.666Z"
"lchlnjnixrezl4vxcjyhli","reels",28,3,48,"2024-12-18T06:59:15.125Z"
"gv7whesq9o6q6fe0mmhscq","reels",71,97,33,"2024-11-15T04:59:24.189Z"
"noy4ca2niyid1l58qagxpi","video",70,37,46,"2024-11-14T13:10:37.663Z"
"hsxhq24ev9e7lvvgngv833","video",474,93,10,"2024-10-25T05:52:33.657Z"
"sghjrj69ei1kllcekdlkz","reels",15,59,16,"2024-01-18T13:15:02.599Z"
"t00dkrqu50k4o1g7gu5sky","carousel",412,99,36,"2024-03-10T18:22:44.709Z"
"hida7n7nd1dlxfcvu15nq","static_image",50,61,46,"2024-10-04T10:38:15.333Z"
"17p8pstafss76r9mnsj2w2","carousel",366,37,10,"2024-07-30T09:37:26.462Z"
"ixgwck5er1hi4gr27nld5","reels",408,78,1,"2024-01-31T04:38:39.708Z"
"gzb41lq5lynq5e98a0iu","static_image",435,32,2,"2024-07-15T03:14:57.598Z"
"8sl9bcmjruu7bt4x3uvp2p","reels",340,40,49,"2024-09-02T19:31:01.094Z"
"vyoej02dcinazfjuuudl","reels",480,37,6,"2024-12-03T13:50:50.488Z"
"epzofcl50r175ylrsmlfqh","video",59,9,19,"2024-05-13T20:55:33.695Z"
"kt7b2gi05u4jshlt69mjh","static_image",209,48,20,"2024-09-03T00:40:02.248Z"
"2ay5tm56q98a4v6bokbhgv","static_image",116,22,43,"2024-10-22T16:31:13.209Z"
"7fg25q69df5ts7sx8am189","reels",466,14,36,"2024-08-15T19:21:29.203Z"
"acfnoo48qdpldsevv31q2m","video",129,85,13,"2024-01-12T19:39:32.817Z"
"msrkptdjcu8fvbp154t9t","reels",419,27,31,"2024-04-26T07:30:59.928Z"
"tch0wg2sy2mg8bu7fdkun","carousel",449,37,26,"2024-02-14T02:55:26.762Z"
"9stqwoj3ja8rl47sf6y22n","reels",181,10,39,"2024-12-13T22:26:15.231Z"
"6re7kwhdd663lj9bealn6e","video",129,50,7,"2024-06-03T04:18:42.004Z"
"igqqmsa2hcb0b40yi5br","static_image",85,34,0,"2024-01-10T10:36:59.676Z"
"86wuz9s81e58bs4loam034","carousel",317,40,47,"2024-07-24T08:50:53.916Z"
"1zdjf20bazpkcy8t3fjai39","video",140,32,23,"2024-07-01T00:31:52.405Z"
"9wlqimg5h1kmpqkx0ylxk","static_image",310,42,16,"2024-03-21T10:11:06.949Z"
"1wak3ydss49nz5vf8kfpdk","reels",315,50,26,"2024-12-08T09:49:00.817Z"
"3f6mr2o8juie3xjdeluxz","video",394,50,28,"2024-06-15T19:51:08.202Z"
"fmh5wbwtuysayrrpmwq5as","video",93,13,37,"2024-08-20T01:24:23.690Z"
"wxjh4qx897ccfpo1kamau","static_image",16,34,27,"2024-05-25T15:06:56.742Z"
"b3tuyujkddu5982em8xxqa","carousel",254,4,17,"2024-03-26T17:10:21.664Z"
"gd8z52w53ud9hynv7sf6ds","carousel",239,90,49,"2024-02-12T15:12:57.746Z"
"qbpy8arkos3ovn8de4zr6","carousel",284,42,19,"2024-08-13T04:26:37.417Z"
"jk57czcue9jt5wg1ezk4d8","reels",130,97,1,"2024-02-14T08:47:17.499Z"
"ugjk0bxew4ekx8tmeuvjp","reels",423,99,5,"2024-05-24T06:59:59.778Z"
"nfh0wildwojnrc7olqtcs","carousel",41,83,4,"2024-06-11T21:39:22.916Z"
"no15edic2n0zyyydthgtf","carousel",129,38,15,"2024-12-23T06:00:24.207Z"
"a1wmsrwyujr3ihttyois77","video",60,42,48,"2024-05-20T12:59:30.787Z"
"uvviimg6xkfc6r54g7hkz7","static_image",255,28,6,"2024-07-12T20:14:02.324Z"
"2y0qa72qzxvcqlqpl2gelg","reels",316,19,23,"2024-01-11T21:17:50.007Z"
"orjhxwzyybf719kb4kg0hk","carousel",299,88,20,"2024-12-04T11:52:47.518Z"
"9i0dvzzuzrbecft4zdamaw","video",192,96,2,"2024-05-10T22:53:39.165Z"
"bdedu3tmi4jzvdquafp6u","carousel",137,67,47,"2024-02-01T03:18:09.834Z"
"pp1vfp5pobel9pep1hmddl","reels",228,45,29,"2024-10-04T13:21:30.552Z"
"pv4i88ruxnia4czjggl","static_image",52,72,10,"2024-08-05T17:42:39.472Z"
"6omuunoo3c3sm9a8waxlgr","static_image",213,29,42,"2024-12-16T15:02:30.705Z"
"6qj6xf7f5ddm0knzf1s5u","carousel",455,45,16,"2024-02-18T16:53:32.392Z"
"bvl38tl8pbqn5z0ejjwvk","reels",265,52,34,"2024-04-25T15:42:39.725Z"
"4mnx620tgl2ii4vw78rsf","reels",113,83,40,"2024-09-26T09:06:03.104Z"
"vj752dcz92as21i4n6o5b","reels",322,12,15,"2024-12-24T02:46:27.693Z"
"hjlbkp8rs0bd9hhxczp2kv","static_image",379,41,3,"2024-08-15T21:07:05.616Z"
"gvp3oigqh0upf04y96m3cl","reels",444,11,0,"2024-05-15T14:13:38.083Z"
"sx6sg8h33brjmto08aspzs","video",253,33,36,"2024-09-14T00:41:02.533Z"
"acn7rjyezxdtd9i9magmjm","carousel",259,61,23,"2024-06-09T19:41:46.742Z"
"wsxpzyp5ulssbymrp94lri","reels",230,58,39,"2024-01-11T20:46:32.976Z"
"428kj737du5rgcm9q1s31","reels",474,40,33,"2024-01-17T10:53:13.234Z"
"gj3nnaza2stunrhxkk67o","reels",45,44,7,"2024-12-02T06:28:38.214Z"
"rkw6jr6od0g5mmvswu20k3","reels",432,41,23,"2024-03-05T17:40:51.369Z"
"frf8gep23scia292yfydw","video",301,39,16,"2024-09-29T21:45:49.338Z"
"yghg9skaruzvz9o054qrp","static_image",48,100,23,"2024-10-19T03:49:49.058Z"
"3m1xmrdexp7q949l5zfd3","video",130,45,29,"2024-07-07T06:37:35.286Z"
"txaq9pbee8dqwlc79bmg9l","reels",428,81,14,"2024-04-12T18:22:35.055Z"
"0p3qwgp47jfkjd5ppqxv18","reels",88,96,12,"2024-01-28T04:54:41.255Z"
"04xl1oplw3glakyzqxq7ne","carousel",252,45,2,"2024-03-18T12:00:19.943Z"
"9d8wv24ijf354pn5edf8x","reels",439,82,40,"2024-03-03T18:40:03.791Z"
"ygqb11wtzoruw3tlm05nj","static_image",271,77,36,"2024-04-12T02:53:38.147Z"
"s6lqpzv2iazhyzc4ld81s","carousel",115,74,49,"2024-06-13T23:46:29.357Z"
"su5c581nragd0bwclfm9d","static_image",180,17,10,"2024-04-28T18:10:21.627Z"
"6jf4za94g4jbqjrvx7nb2n","reels",377,91,1,"2024-09-10T22:36:04.859Z"
"kpy5sxnd7poe2f0weog0fq","static_image",334,89,41,"2024-03-06T05:15:50.826Z"
"zef0vdfw8fiwx9dz74rkdh","reels",160,36,24,"2024-03-05T21:16:39.587Z"
"wjnve46qgrmc8ie11xhbi","static_image",481,99,38,"2024-08-08T06:23:53.659Z"
"0omnh3pjt03f1yk796nqzvb","carousel",122,41,43,"2024-01-17T14:31:28.780Z"
"pwgboem2efksg3t23hjqf","reels",307,19,17,"2024-01-23T06:06:07.727Z"
"3gc0eimgudre0qr37dvrqs","video",404,53,7,"2024-08-13T14:41:26.189Z"
"2zt2pvsf26wm9dblqks63e","carousel",330,21,25,"2024-06-01T09:04:22.954Z"
"awsfoj7cuqp3shnrdpse6k","static_image",151,43,17,"2024-05-17T16:17:38.554Z"
"e64f4zh1ymqloqhr0ejo8o","reels",322,50,34,"2024-10-08T01:22:12.789Z"
"liv011lvvnbfsh0dvfxcnb","carousel",376,43,10,"2024-09-07T20:55:02.106Z"
"946wwc11a9npe6dy6hrchf","static_image",205,1,48,"2024-01-22T09:01:48.509Z"
"bfuv5lq5zqb4w6f0ue1ahs","reels",107,27,10,"2024-11-08T15:09:42.750Z"
"fgtw8hg3h3elzndt3w2ujc","video",447,55,1,"2024-01-11T23:14:01.216Z"
"ie69tir1rxjmqn2nnncpi","carousel",315,77,7,"2024-01-02T17:26:18.281Z"
"xcg2a97f580hpqoi9xm5z","reels",415,97,49,"2024-03-29T21:45:50.722Z"
"8175biaollg8w9slhx3dhm","carousel",120,36,39,"2024-10-26T20:26:39.573Z"
"5q2zoph28545955bn767c","video",264,33,23,"2024-04-18T05:59:25.403Z"
"eoydgcfp18fgsfbrtzetti","reels",148,18,43,"2024-01-06T08:53:55.632Z"
"xtimte9cs1qo18kkmjs4","carousel",481,17,50,"2024-10-07T05:38:08.544Z"
"57c1nfyf9rojjw5l33oi6","carousel",20,7,3,"2024-04-17T05:46:49.757Z"
"7ddcdvt7dakjb5zc2qvu5","reels",462,4,31,"2024-08-20T07:23:13.089Z"
"7ih4ywk433xj6e9esnayq","reels",272,1,1,"2024-08-27T14:11:49.473Z"
"4sm5mac0fms66vs4iz0knd","video",300,55,3,"2024-08-23T14:09:27.662Z"
"yg0zu5fe9mmfi2r0158fxt","reels",83,21,5,"2024-05-24T10:19:31.489Z"
"1zitmz03x0yj64y686i2ed","reels",159,100,8,"2024-03-19T09:30:17.459Z"
"w8o0diwziijvoibjwr033q","video",77,92,20,"2024-06-12T04:44:22.129Z"
"c1rx44uo1yjsem4dawa5ql","reels",390,43,1,"2024-02-25T03:51:10.060Z"
"k9a08pn0grr070d7gedfu4p","static_image",346,68,38,"2024-11-10T08:32:33.319Z"
"wbd5iv2i2fqpm1purrj7q","video",425,47,46,"2024-04-11T18:56:44.995Z"
"61hdejaqcsqdckuxphx9d","carousel",333,35,20,"2024-06-10T18:12:08.062Z"
"rs2m6q8lxk6dl83prkcv6","carousel",198,59,11,"2024-11-27T03:28:00.828Z"
"51y0jwjzcxggmideed8njv","video",418,33,49,"2024-04-22T11:04:37.392Z"
"8vnequ5t62a40s8x7eels3","static_image",156,55,6,"2024-07-05T12:07:11.698Z"
"x79vmn37vuguidc279doa","carousel",311,1,10,"2024-12-10T02:49:39.569Z"
"7ipmw7ghwrfi7mu13tm4sf","static_image",474,4,10,"2024-05-14T07:20:24.180Z"
"5bp02f34tuwov88xtkg8t","static_image",336,75,20,"2024-03-13T21:40:18.119Z"
"czee7risavq5ef1339mvmn","video",368,2,27,"2024-05-07T00:20:40.219Z"
"n1eqv5v4n0ij4epygexgwl","video",393,63,24,"2024-05-09T08:21:56.955Z"
"gd4elscav5fba015sdzwu9","video",385,87,38,"2024-08-29T14:49:11.324Z"
"kh2bdo2qq2e2eh1fivkl8h","reels",356,81,9,"2024-01-21T06:16:36.749Z"